Analysis & Synthesis report for lab6_top
Thu Aug 13 02:46:12 2026
Quartus Prime Version 16.1.2 Build 203 01/18/2017 SJ Lite Edition


---------------------
; Table of Contents ;
---------------------
  1. Legal Notice
  2. Analysis & Synthesis Summary
  3. Analysis & Synthesis Settings
  4. Parallel Compilation
  5. Analysis & Synthesis Source Files Read
  6. Analysis & Synthesis Resource Usage Summary
  7. Analysis & Synthesis Resource Utilization by Entity
  8. Analysis & Synthesis RAM Summary
  9. Analysis & Synthesis IP Cores Summary
 10. State Machine - |lab6_top|cpu:U|FSM:U2|state
 11. Registers Removed During Synthesis
 12. General Register Statistics
 13. Inverted Register Statistics
 14. Multiplexer Restructuring Statistics (Restructuring Performed)
 15. Source assignments for sld_signaltap:auto_signaltap_0
 16. Parameter Settings for User Entity Instance: input_iface:IN|vDFF:REG
 17. Parameter Settings for Inferred Entity Instance: sld_signaltap:auto_signaltap_0
 18. Port Connectivity Checks: "cpu:U|datapath:DP|ALU:U2|Full_Adder_A:U1"
 19. Port Connectivity Checks: "cpu:U|datapath:DP|ALU:U2|Full_Adder_B:U0"
 20. Port Connectivity Checks: "cpu:U|datapath:DP"
 21. SignalTap II Logic Analyzer Settings
 22. Post-Synthesis Netlist Statistics for Top Partition
 23. Elapsed Time Per Partition
 24. Connections to In-System Debugging Instance "auto_signaltap_0"
 25. Analysis & Synthesis Messages



----------------
; Legal Notice ;
----------------
Copyright (C) 2017  Intel Corporation. All rights reserved.
Your use of Intel Corporation's design tools, logic functions 
and other software and tools, and its AMPP partner logic 
functions, and any output files from any of the foregoing 
(including device programming or simulation files), and any 
associated documentation or information are expressly subject 
to the terms and conditions of the Intel Program License 
Subscription Agreement, the Intel Quartus Prime License Agreement,
the Intel MegaCore Function License Agreement, or other 
applicable license agreement, including, without limitation, 
that your use is for the sole purpose of programming logic 
devices manufactured by Intel and sold by Intel or its 
authorized distributors.  Please refer to the applicable 
agreement for further details.



+-------------------------------------------------------------------------------+
; Analysis & Synthesis Summary                                                  ;
+---------------------------------+---------------------------------------------+
; Analysis & Synthesis Status     ; Successful - Thu Aug 13 02:46:12 2026       ;
; Quartus Prime Version           ; 16.1.2 Build 203 01/18/2017 SJ Lite Edition ;
; Revision Name                   ; lab6_top                                    ;
; Top-level Entity Name           ; lab6_top                                    ;
; Family                          ; Cyclone V                                   ;
; Logic utilization (in ALMs)     ; N/A                                         ;
; Total registers                 ; 2509                                        ;
; Total pins                      ; 67                                          ;
; Total virtual pins              ; 0                                           ;
; Total block memory bits         ; 80,384                                      ;
; Total DSP Blocks                ; 0                                           ;
; Total HSSI RX PCSs              ; 0                                           ;
; Total HSSI PMA RX Deserializers ; 0                                           ;
; Total HSSI TX PCSs              ; 0                                           ;
; Total HSSI PMA TX Serializers   ; 0                                           ;
; Total PLLs                      ; 0                                           ;
; Total DLLs                      ; 0                                           ;
+---------------------------------+---------------------------------------------+


+---------------------------------------------------------------------------------------------------------------------------+
; Analysis & Synthesis Settings                                                                                             ;
+---------------------------------------------------------------------------------+--------------------+--------------------+
; Option                                                                          ; Setting            ; Default Value      ;
+---------------------------------------------------------------------------------+--------------------+--------------------+
; Device                                                                          ; 5CSEMA5F31C6       ;                    ;
; Top-level entity name                                                           ; lab6_top           ; lab6_top           ;
; Family name                                                                     ; Cyclone V          ; Cyclone V          ;
; Use smart compilation                                                           ; Off                ; Off                ;
; Enable parallel Assembler and TimeQuest Timing Analyzer during compilation      ; On                 ; On                 ;
; Enable compact report table                                                     ; Off                ; Off                ;
; Restructure Multiplexers                                                        ; Auto               ; Auto               ;
; MLAB Add Timing Constraints For Mixed-Port Feed-Through Mode Setting Don't Care ; Off                ; Off                ;
; Create Debugging Nodes for IP Cores                                             ; Off                ; Off                ;
; Preserve fewer node names                                                       ; On                 ; On                 ;
; OpenCore Plus hardware evaluation                                               ; Enable             ; Enable             ;
; Verilog Version                                                                 ; Verilog_2001       ; Verilog_2001       ;
; VHDL Version                                                                    ; VHDL_1993          ; VHDL_1993          ;
; State Machine Processing                                                        ; Auto               ; Auto               ;
; Safe State Machine                                                              ; Off                ; Off                ;
; Extract Verilog State Machines                                                  ; On                 ; On                 ;
; Extract VHDL State Machines                                                     ; On                 ; On                 ;
; Ignore Verilog initial constructs                                               ; Off                ; Off                ;
; Iteration limit for constant Verilog loops                                      ; 5000               ; 5000               ;
; Iteration limit for non-constant Verilog loops                                  ; 250                ; 250                ;
; Add Pass-Through Logic to Inferred RAMs                                         ; On                 ; On                 ;
; Infer RAMs from Raw Logic                                                       ; On                 ; On                 ;
; Parallel Synthesis                                                              ; On                 ; On                 ;
; DSP Block Balancing                                                             ; Auto               ; Auto               ;
; NOT Gate Push-Back                                                              ; On                 ; On                 ;
; Power-Up Don't Care                                                             ; On                 ; On                 ;
; Remove Redundant Logic Cells                                                    ; Off                ; Off                ;
; Remove Duplicate Registers                                                      ; On                 ; On                 ;
; Ignore CARRY Buffers                                                            ; Off                ; Off                ;
; Ignore CASCADE Buffers                                                          ; Off                ; Off                ;
; Ignore GLOBAL Buffers                                                           ; Off                ; Off                ;
; Ignore ROW GLOBAL Buffers                                                       ; Off                ; Off                ;
; Ignore LCELL Buffers                                                            ; Off                ; Off                ;
; Ignore SOFT Buffers                                                             ; On                 ; On                 ;
; Limit AHDL Integers to 32 Bits                                                  ; Off                ; Off                ;
; Optimization Technique                                                          ; Balanced           ; Balanced           ;
; Carry Chain Length                                                              ; 70                 ; 70                 ;
; Auto Carry Chains                                                               ; On                 ; On                 ;
; Auto Open-Drain Pins                                                            ; On                 ; On                 ;
; Perform WYSIWYG Primitive Resynthesis                                           ; Off                ; Off                ;
; Auto ROM Replacement                                                            ; On                 ; On                 ;
; Auto RAM Replacement                                                            ; On                 ; On                 ;
; Auto DSP Block Replacement                                                      ; On                 ; On                 ;
; Auto Shift Register Replacement                                                 ; Auto               ; Auto               ;
; Allow Shift Register Merging across Hierarchies                                 ; Auto               ; Auto               ;
; Auto Clock Enable Replacement                                                   ; On                 ; On                 ;
; Strict RAM Replacement                                                          ; Off                ; Off                ;
; Allow Synchronous Control Signals                                               ; On                 ; On                 ;
; Force Use of Synchronous Clear Signals                                          ; Off                ; Off                ;
; Auto Resource Sharing                                                           ; Off                ; Off                ;
; Allow Any RAM Size For Recognition                                              ; Off                ; Off                ;
; Allow Any ROM Size For Recognition                                              ; Off                ; Off                ;
; Allow Any Shift Register Size For Recognition                                   ; Off                ; Off                ;
; Use LogicLock Constraints during Resource Balancing                             ; On                 ; On                 ;
; Ignore translate_off and synthesis_off directives                               ; Off                ; Off                ;
; Timing-Driven Synthesis                                                         ; On                 ; On                 ;
; Report Parameter Settings                                                       ; On                 ; On                 ;
; Report Source Assignments                                                       ; On                 ; On                 ;
; Report Connectivity Checks                                                      ; On                 ; On                 ;
; Ignore Maximum Fan-Out Assignments                                              ; Off                ; Off                ;
; Synchronization Register Chain Length                                           ; 3                  ; 3                  ;
; PowerPlay Power Optimization During Synthesis                                   ; Normal compilation ; Normal compilation ;
; HDL message level                                                               ; Level2             ; Level2             ;
; Suppress Register Optimization Related Messages                                 ; Off                ; Off                ;
; Number of Removed Registers Reported in Synthesis Report                        ; 5000               ; 5000               ;
; Number of Swept Nodes Reported in Synthesis Report                              ; 5000               ; 5000               ;
; Number of Inverted Registers Reported in Synthesis Report                       ; 100                ; 100                ;
; Clock MUX Protection                                                            ; On                 ; On                 ;
; Auto Gated Clock Conversion                                                     ; Off                ; Off                ;
; Block Design Naming                                                             ; Auto               ; Auto               ;
; SDC constraint protection                                                       ; Off                ; Off                ;
; Synthesis Effort                                                                ; Auto               ; Auto               ;
; Shift Register Replacement - Allow Asynchronous Clear Signal                    ; On                 ; On                 ;
; Pre-Mapping Resynthesis Optimization                                            ; Off                ; Off                ;
; Analysis & Synthesis Message Level                                              ; Medium             ; Medium             ;
; Disable Register Merging Across Hierarchies                                     ; Auto               ; Auto               ;
; Resource Aware Inference For Block RAM                                          ; On                 ; On                 ;
; Automatic Parallel Synthesis                                                    ; On                 ; On                 ;
; Partial Reconfiguration Bitstream ID                                            ; Off                ; Off                ;
+---------------------------------------------------------------------------------+--------------------+--------------------+


+------------------------------------------+
; Parallel Compilation                     ;
+----------------------------+-------------+
; Processors                 ; Number      ;
+----------------------------+-------------+
; Number detected on machine ; 12          ;
; Maximum allowed            ; 12          ;
;                            ;             ;
; Average used               ; 1.00        ;
; Maximum used               ; 12          ;
;                            ;             ;
; Usage by Processor         ; % Time Used ;
;     Processor 1            ; 100.0%      ;
;     Processor 2            ;   0.0%      ;
;     Processor 3            ;   0.0%      ;
;     Processors 4-12        ;   0.0%      ;
+----------------------------+-------------+


+--------------------------------------------------------------------------------------------------------------------------------------------------------------------------------------------------------------------------------------------------------------------------------------------+
; Analysis & Synthesis Source Files Read                                                                                                                                                                                                                                                     ;
+--------------------------------------------------------------------+-----------------+----------------------------------------------+----------------------------------------------------------------------------------------------------------------------------------------+-------------+
; File Name with User-Entered Path                                   ; Used in Netlist ; File Type                                    ; File Name with Absolute Path                                                                                                           ; Library     ;
+--------------------------------------------------------------------+-----------------+----------------------------------------------+----------------------------------------------------------------------------------------------------------------------------------------+-------------+
; ../Lab 6/RTL/shifter.sv                                            ; yes             ; User SystemVerilog HDL File                  ; C:/Users/2005B/OneDrive/Desktop/Courses/CPEN 211/Labs/Lab 6/RTL/shifter.sv                                                             ;             ;
; ../Lab 6/RTL/regfile.sv                                            ; yes             ; User SystemVerilog HDL File                  ; C:/Users/2005B/OneDrive/Desktop/Courses/CPEN 211/Labs/Lab 6/RTL/regfile.sv                                                             ;             ;
; ../Lab 6/RTL/lab6_top.sv                                           ; yes             ; User SystemVerilog HDL File                  ; C:/Users/2005B/OneDrive/Desktop/Courses/CPEN 211/Labs/Lab 6/RTL/lab6_top.sv                                                            ;             ;
; ../Lab 6/RTL/Instruction_Decoder.sv                                ; yes             ; User SystemVerilog HDL File                  ; C:/Users/2005B/OneDrive/Desktop/Courses/CPEN 211/Labs/Lab 6/RTL/Instruction_Decoder.sv                                                 ;             ;
; ../Lab 6/RTL/FSM.sv                                                ; yes             ; User SystemVerilog HDL File                  ; C:/Users/2005B/OneDrive/Desktop/Courses/CPEN 211/Labs/Lab 6/RTL/FSM.sv                                                                 ;             ;
; ../Lab 6/RTL/datapath.sv                                           ; yes             ; User SystemVerilog HDL File                  ; C:/Users/2005B/OneDrive/Desktop/Courses/CPEN 211/Labs/Lab 6/RTL/datapath.sv                                                            ;             ;
; ../Lab 6/RTL/cpu.sv                                                ; yes             ; User SystemVerilog HDL File                  ; C:/Users/2005B/OneDrive/Desktop/Courses/CPEN 211/Labs/Lab 6/RTL/cpu.sv                                                                 ;             ;
; ../Lab 6/RTL/ALU.sv                                                ; yes             ; User SystemVerilog HDL File                  ; C:/Users/2005B/OneDrive/Desktop/Courses/CPEN 211/Labs/Lab 6/RTL/ALU.sv                                                                 ;             ;
; sld_signaltap.vhd                                                  ; yes             ; Megafunction                                 ; c:/intelfpga_lite/16.1/quartus/libraries/megafunctions/sld_signaltap.vhd                                                               ;             ;
; sld_signaltap_impl.vhd                                             ; yes             ; Encrypted Megafunction                       ; c:/intelfpga_lite/16.1/quartus/libraries/megafunctions/sld_signaltap_impl.vhd                                                          ;             ;
; sld_ela_control.vhd                                                ; yes             ; Encrypted Megafunction                       ; c:/intelfpga_lite/16.1/quartus/libraries/megafunctions/sld_ela_control.vhd                                                             ;             ;
; lpm_shiftreg.tdf                                                   ; yes             ; Megafunction                                 ; c:/intelfpga_lite/16.1/quartus/libraries/megafunctions/lpm_shiftreg.tdf                                                                ;             ;
; lpm_constant.inc                                                   ; yes             ; Megafunction                                 ; c:/intelfpga_lite/16.1/quartus/libraries/megafunctions/lpm_constant.inc                                                                ;             ;
; dffeea.inc                                                         ; yes             ; Megafunction                                 ; c:/intelfpga_lite/16.1/quartus/libraries/megafunctions/dffeea.inc                                                                      ;             ;
; aglobal161.inc                                                     ; yes             ; Megafunction                                 ; c:/intelfpga_lite/16.1/quartus/libraries/megafunctions/aglobal161.inc                                                                  ;             ;
; sld_mbpmg.vhd                                                      ; yes             ; Encrypted Megafunction                       ; c:/intelfpga_lite/16.1/quartus/libraries/megafunctions/sld_mbpmg.vhd                                                                   ;             ;
; sld_ela_trigger_flow_mgr.vhd                                       ; yes             ; Encrypted Megafunction                       ; c:/intelfpga_lite/16.1/quartus/libraries/megafunctions/sld_ela_trigger_flow_mgr.vhd                                                    ;             ;
; sld_buffer_manager.vhd                                             ; yes             ; Encrypted Megafunction                       ; c:/intelfpga_lite/16.1/quartus/libraries/megafunctions/sld_buffer_manager.vhd                                                          ;             ;
; altsyncram.tdf                                                     ; yes             ; Megafunction                                 ; c:/intelfpga_lite/16.1/quartus/libraries/megafunctions/altsyncram.tdf                                                                  ;             ;
; stratix_ram_block.inc                                              ; yes             ; Megafunction                                 ; c:/intelfpga_lite/16.1/quartus/libraries/megafunctions/stratix_ram_block.inc                                                           ;             ;
; lpm_mux.inc                                                        ; yes             ; Megafunction                                 ; c:/intelfpga_lite/16.1/quartus/libraries/megafunctions/lpm_mux.inc                                                                     ;             ;
; lpm_decode.inc                                                     ; yes             ; Megafunction                                 ; c:/intelfpga_lite/16.1/quartus/libraries/megafunctions/lpm_decode.inc                                                                  ;             ;
; a_rdenreg.inc                                                      ; yes             ; Megafunction                                 ; c:/intelfpga_lite/16.1/quartus/libraries/megafunctions/a_rdenreg.inc                                                                   ;             ;
; altrom.inc                                                         ; yes             ; Megafunction                                 ; c:/intelfpga_lite/16.1/quartus/libraries/megafunctions/altrom.inc                                                                      ;             ;
; altram.inc                                                         ; yes             ; Megafunction                                 ; c:/intelfpga_lite/16.1/quartus/libraries/megafunctions/altram.inc                                                                      ;             ;
; altdpram.inc                                                       ; yes             ; Megafunction                                 ; c:/intelfpga_lite/16.1/quartus/libraries/megafunctions/altdpram.inc                                                                    ;             ;
; db/altsyncram_ue84.tdf                                             ; yes             ; Auto-Generated Megafunction                  ; C:/Users/2005B/OneDrive/Desktop/Courses/CPEN 211/Labs/Lab 6 Quartus/db/altsyncram_ue84.tdf                                             ;             ;
; altdpram.tdf                                                       ; yes             ; Megafunction                                 ; c:/intelfpga_lite/16.1/quartus/libraries/megafunctions/altdpram.tdf                                                                    ;             ;
; memmodes.inc                                                       ; yes             ; Megafunction                                 ; c:/intelfpga_lite/16.1/quartus/libraries/others/maxplus2/memmodes.inc                                                                  ;             ;
; a_hdffe.inc                                                        ; yes             ; Megafunction                                 ; c:/intelfpga_lite/16.1/quartus/libraries/megafunctions/a_hdffe.inc                                                                     ;             ;
; alt_le_rden_reg.inc                                                ; yes             ; Megafunction                                 ; c:/intelfpga_lite/16.1/quartus/libraries/megafunctions/alt_le_rden_reg.inc                                                             ;             ;
; altsyncram.inc                                                     ; yes             ; Megafunction                                 ; c:/intelfpga_lite/16.1/quartus/libraries/megafunctions/altsyncram.inc                                                                  ;             ;
; lpm_mux.tdf                                                        ; yes             ; Megafunction                                 ; c:/intelfpga_lite/16.1/quartus/libraries/megafunctions/lpm_mux.tdf                                                                     ;             ;
; muxlut.inc                                                         ; yes             ; Megafunction                                 ; c:/intelfpga_lite/16.1/quartus/libraries/megafunctions/muxlut.inc                                                                      ;             ;
; bypassff.inc                                                       ; yes             ; Megafunction                                 ; c:/intelfpga_lite/16.1/quartus/libraries/megafunctions/bypassff.inc                                                                    ;             ;
; altshift.inc                                                       ; yes             ; Megafunction                                 ; c:/intelfpga_lite/16.1/quartus/libraries/megafunctions/altshift.inc                                                                    ;             ;
; db/mux_ilc.tdf                                                     ; yes             ; Auto-Generated Megafunction                  ; C:/Users/2005B/OneDrive/Desktop/Courses/CPEN 211/Labs/Lab 6 Quartus/db/mux_ilc.tdf                                                     ;             ;
; lpm_decode.tdf                                                     ; yes             ; Megafunction                                 ; c:/intelfpga_lite/16.1/quartus/libraries/megafunctions/lpm_decode.tdf                                                                  ;             ;
; declut.inc                                                         ; yes             ; Megafunction                                 ; c:/intelfpga_lite/16.1/quartus/libraries/megafunctions/declut.inc                                                                      ;             ;
; lpm_compare.inc                                                    ; yes             ; Megafunction                                 ; c:/intelfpga_lite/16.1/quartus/libraries/megafunctions/lpm_compare.inc                                                                 ;             ;
; db/decode_vnf.tdf                                                  ; yes             ; Auto-Generated Megafunction                  ; C:/Users/2005B/OneDrive/Desktop/Courses/CPEN 211/Labs/Lab 6 Quartus/db/decode_vnf.tdf                                                  ;             ;
; lpm_counter.tdf                                                    ; yes             ; Megafunction                                 ; c:/intelfpga_lite/16.1/quartus/libraries/megafunctions/lpm_counter.tdf                                                                 ;             ;
; lpm_add_sub.inc                                                    ; yes             ; Megafunction                                 ; c:/intelfpga_lite/16.1/quartus/libraries/megafunctions/lpm_add_sub.inc                                                                 ;             ;
; cmpconst.inc                                                       ; yes             ; Megafunction                                 ; c:/intelfpga_lite/16.1/quartus/libraries/megafunctions/cmpconst.inc                                                                    ;             ;
; lpm_counter.inc                                                    ; yes             ; Megafunction                                 ; c:/intelfpga_lite/16.1/quartus/libraries/megafunctions/lpm_counter.inc                                                                 ;             ;
; alt_counter_stratix.inc                                            ; yes             ; Megafunction                                 ; c:/intelfpga_lite/16.1/quartus/libraries/megafunctions/alt_counter_stratix.inc                                                         ;             ;
; db/cntr_rai.tdf                                                    ; yes             ; Auto-Generated Megafunction                  ; C:/Users/2005B/OneDrive/Desktop/Courses/CPEN 211/Labs/Lab 6 Quartus/db/cntr_rai.tdf                                                    ;             ;
; db/cmpr_g9c.tdf                                                    ; yes             ; Auto-Generated Megafunction                  ; C:/Users/2005B/OneDrive/Desktop/Courses/CPEN 211/Labs/Lab 6 Quartus/db/cmpr_g9c.tdf                                                    ;             ;
; db/cntr_3vi.tdf                                                    ; yes             ; Auto-Generated Megafunction                  ; C:/Users/2005B/OneDrive/Desktop/Courses/CPEN 211/Labs/Lab 6 Quartus/db/cntr_3vi.tdf                                                    ;             ;
; db/cntr_59i.tdf                                                    ; yes             ; Auto-Generated Megafunction                  ; C:/Users/2005B/OneDrive/Desktop/Courses/CPEN 211/Labs/Lab 6 Quartus/db/cntr_59i.tdf                                                    ;             ;
; db/cmpr_d9c.tdf                                                    ; yes             ; Auto-Generated Megafunction                  ; C:/Users/2005B/OneDrive/Desktop/Courses/CPEN 211/Labs/Lab 6 Quartus/db/cmpr_d9c.tdf                                                    ;             ;
; db/cntr_kri.tdf                                                    ; yes             ; Auto-Generated Megafunction                  ; C:/Users/2005B/OneDrive/Desktop/Courses/CPEN 211/Labs/Lab 6 Quartus/db/cntr_kri.tdf                                                    ;             ;
; db/cmpr_99c.tdf                                                    ; yes             ; Auto-Generated Megafunction                  ; C:/Users/2005B/OneDrive/Desktop/Courses/CPEN 211/Labs/Lab 6 Quartus/db/cmpr_99c.tdf                                                    ;             ;
; sld_rom_sr.vhd                                                     ; yes             ; Encrypted Megafunction                       ; c:/intelfpga_lite/16.1/quartus/libraries/megafunctions/sld_rom_sr.vhd                                                                  ;             ;
; sld_jtag_endpoint_adapter.vhd                                      ; yes             ; Encrypted Megafunction                       ; c:/intelfpga_lite/16.1/quartus/libraries/megafunctions/sld_jtag_endpoint_adapter.vhd                                                   ;             ;
; sld_jtag_endpoint_adapter_impl.sv                                  ; yes             ; Encrypted Megafunction                       ; c:/intelfpga_lite/16.1/quartus/libraries/megafunctions/sld_jtag_endpoint_adapter_impl.sv                                               ;             ;
; sld_hub.vhd                                                        ; yes             ; Encrypted Megafunction                       ; c:/intelfpga_lite/16.1/quartus/libraries/megafunctions/sld_hub.vhd                                                                     ; altera_sld  ;
; db/ip/sldf56b9d30/alt_sld_fab.v                                    ; yes             ; Encrypted Auto-Found Verilog HDL File        ; C:/Users/2005B/OneDrive/Desktop/Courses/CPEN 211/Labs/Lab 6 Quartus/db/ip/sldf56b9d30/alt_sld_fab.v                                    ; alt_sld_fab ;
; db/ip/sldf56b9d30/submodules/alt_sld_fab_alt_sld_fab.v             ; yes             ; Encrypted Auto-Found Verilog HDL File        ; C:/Users/2005B/OneDrive/Desktop/Courses/CPEN 211/Labs/Lab 6 Quartus/db/ip/sldf56b9d30/submodules/alt_sld_fab_alt_sld_fab.v             ; alt_sld_fab ;
; db/ip/sldf56b9d30/submodules/alt_sld_fab_alt_sld_fab_ident.sv      ; yes             ; Auto-Found SystemVerilog HDL File            ; C:/Users/2005B/OneDrive/Desktop/Courses/CPEN 211/Labs/Lab 6 Quartus/db/ip/sldf56b9d30/submodules/alt_sld_fab_alt_sld_fab_ident.sv      ; alt_sld_fab ;
; db/ip/sldf56b9d30/submodules/alt_sld_fab_alt_sld_fab_presplit.sv   ; yes             ; Encrypted Auto-Found SystemVerilog HDL File  ; C:/Users/2005B/OneDrive/Desktop/Courses/CPEN 211/Labs/Lab 6 Quartus/db/ip/sldf56b9d30/submodules/alt_sld_fab_alt_sld_fab_presplit.sv   ; alt_sld_fab ;
; db/ip/sldf56b9d30/submodules/alt_sld_fab_alt_sld_fab_sldfabric.vhd ; yes             ; Encrypted Auto-Found VHDL File               ; C:/Users/2005B/OneDrive/Desktop/Courses/CPEN 211/Labs/Lab 6 Quartus/db/ip/sldf56b9d30/submodules/alt_sld_fab_alt_sld_fab_sldfabric.vhd ; alt_sld_fab ;
; db/ip/sldf56b9d30/submodules/alt_sld_fab_alt_sld_fab_splitter.sv   ; yes             ; Encrypted Auto-Found SystemVerilog HDL File  ; C:/Users/2005B/OneDrive/Desktop/Courses/CPEN 211/Labs/Lab 6 Quartus/db/ip/sldf56b9d30/submodules/alt_sld_fab_alt_sld_fab_splitter.sv   ; alt_sld_fab ;
; sld_jtag_hub.vhd                                                   ; yes             ; Encrypted Megafunction                       ; c:/intelfpga_lite/16.1/quartus/libraries/megafunctions/sld_jtag_hub.vhd                                                                ;             ;
+--------------------------------------------------------------------+-----------------+----------------------------------------------+----------------------------------------------------------------------------------------------------------------------------------------+-------------+


+--------------------------------------------------------------+
; Analysis & Synthesis Resource Usage Summary                  ;
+---------------------------------------------+----------------+
; Resource                                    ; Usage          ;
+---------------------------------------------+----------------+
; Estimate of Logic utilization (ALMs needed) ; 1371           ;
;                                             ;                ;
; Combinational ALUT usage for logic          ; 754            ;
;     -- 7 input functions                    ; 0              ;
;     -- 6 input functions                    ; 152            ;
;     -- 5 input functions                    ; 266            ;
;     -- 4 input functions                    ; 85             ;
;     -- <=3 input functions                  ; 251            ;
;                                             ;                ;
; Dedicated logic registers                   ; 2509           ;
;                                             ;                ;
; I/O pins                                    ; 67             ;
; Total MLAB memory bits                      ; 0              ;
; Total block memory bits                     ; 80384          ;
;                                             ;                ;
; Total DSP Blocks                            ; 0              ;
;                                             ;                ;
; Maximum fan-out node                        ; CLOCK_50~input ;
; Maximum fan-out                             ; 1551           ;
; Total fan-out                               ; 14323          ;
; Average fan-out                             ; 4.02           ;
+---------------------------------------------+----------------+


+------------------------------------------------------------------------------------------------------------------------------------------------------------------------------------------------------------------------------------------------------------------------------------------------------------------------------------------------------------------------------------------------------------------------------------------------------------------------------------------------------------------------------------------------------------------------------------------------------------------------------------------------------------+
; Analysis & Synthesis Resource Utilization by Entity                                                                                                                                                                                                                                                                                                                                                                                                                                                                                                                                                                                                        ;
+-----------------------------------------------------------------------------------------------------------------------------------------+---------------------+---------------------------+-------------------+------------+------+--------------+------------------------------------------------------------------------------------------------------------------------------------------------------------------------------------------------------------------------------------------------------------------------------------------------------------------------------------------------------+-----------------------------------+--------------+
; Compilation Hierarchy Node                                                                                                              ; Combinational ALUTs ; Dedicated Logic Registers ; Block Memory Bits ; DSP Blocks ; Pins ; Virtual Pins ; Full Hierarchy Name                                                                                                                                                                                                                                                                                                                                  ; Entity Name                       ; Library Name ;
+-----------------------------------------------------------------------------------------------------------------------------------------+---------------------+---------------------------+-------------------+------------+------+--------------+------------------------------------------------------------------------------------------------------------------------------------------------------------------------------------------------------------------------------------------------------------------------------------------------------------------------------------------------------+-----------------------------------+--------------+
; |lab6_top                                                                                                                               ; 754 (6)             ; 2509 (0)                  ; 80384             ; 0          ; 67   ; 0            ; |lab6_top                                                                                                                                                                                                                                                                                                                                            ; lab6_top                          ; work         ;
;    |cpu:U|                                                                                                                              ; 205 (0)             ; 204 (16)                  ; 0                 ; 0          ; 0    ; 0            ; |lab6_top|cpu:U                                                                                                                                                                                                                                                                                                                                      ; cpu                               ; work         ;
;       |FSM:U2|                                                                                                                          ; 17 (17)             ; 9 (9)                     ; 0                 ; 0          ; 0    ; 0            ; |lab6_top|cpu:U|FSM:U2                                                                                                                                                                                                                                                                                                                               ; FSM                               ; work         ;
;       |Instruction_Decoder:U0|                                                                                                          ; 4 (4)               ; 0 (0)                     ; 0                 ; 0          ; 0    ; 0            ; |lab6_top|cpu:U|Instruction_Decoder:U0                                                                                                                                                                                                                                                                                                               ; Instruction_Decoder               ; work         ;
;       |datapath:DP|                                                                                                                     ; 184 (32)            ; 179 (51)                  ; 0                 ; 0          ; 0    ; 0            ; |lab6_top|cpu:U|datapath:DP                                                                                                                                                                                                                                                                                                                          ; datapath                          ; work         ;
;          |ALU:U2|                                                                                                                       ; 73 (50)             ; 0 (0)                     ; 0                 ; 0          ; 0    ; 0            ; |lab6_top|cpu:U|datapath:DP|ALU:U2                                                                                                                                                                                                                                                                                                                   ; ALU                               ; work         ;
;             |Full_Adder_B:U0|                                                                                                           ; 23 (23)             ; 0 (0)                     ; 0                 ; 0          ; 0    ; 0            ; |lab6_top|cpu:U|datapath:DP|ALU:U2|Full_Adder_B:U0                                                                                                                                                                                                                                                                                                   ; Full_Adder_B                      ; work         ;
;          |regfile:REGFILE|                                                                                                              ; 56 (56)             ; 128 (128)                 ; 0                 ; 0          ; 0    ; 0            ; |lab6_top|cpu:U|datapath:DP|regfile:REGFILE                                                                                                                                                                                                                                                                                                          ; regfile                           ; work         ;
;          |shifter:U1|                                                                                                                   ; 23 (23)             ; 0 (0)                     ; 0                 ; 0          ; 0    ; 0            ; |lab6_top|cpu:U|datapath:DP|shifter:U1                                                                                                                                                                                                                                                                                                               ; shifter                           ; work         ;
;    |input_iface:IN|                                                                                                                     ; 8 (8)               ; 16 (0)                    ; 0                 ; 0          ; 0    ; 0            ; |lab6_top|input_iface:IN                                                                                                                                                                                                                                                                                                                             ; input_iface                       ; work         ;
;       |vDFF:REG|                                                                                                                        ; 0 (0)               ; 16 (16)                   ; 0                 ; 0          ; 0    ; 0            ; |lab6_top|input_iface:IN|vDFF:REG                                                                                                                                                                                                                                                                                                                    ; vDFF                              ; work         ;
;    |sld_hub:auto_hub|                                                                                                                   ; 91 (1)              ; 91 (0)                    ; 0                 ; 0          ; 0    ; 0            ; |lab6_top|sld_hub:auto_hub                                                                                                                                                                                                                                                                                                                           ; sld_hub                           ; altera_sld   ;
;       |alt_sld_fab_with_jtag_input:\instrumentation_fabric_with_node_gen:fabric_gen_new_way:with_jtag_input_gen:instrumentation_fabric| ; 90 (0)              ; 91 (0)                    ; 0                 ; 0          ; 0    ; 0            ; |lab6_top|sld_hub:auto_hub|alt_sld_fab_with_jtag_input:\instrumentation_fabric_with_node_gen:fabric_gen_new_way:with_jtag_input_gen:instrumentation_fabric                                                                                                                                                                                           ; alt_sld_fab_with_jtag_input       ; altera_sld   ;
;          |alt_sld_fab:instrumentation_fabric|                                                                                           ; 90 (0)              ; 91 (0)                    ; 0                 ; 0          ; 0    ; 0            ; |lab6_top|sld_hub:auto_hub|alt_sld_fab_with_jtag_input:\instrumentation_fabric_with_node_gen:fabric_gen_new_way:with_jtag_input_gen:instrumentation_fabric|alt_sld_fab:instrumentation_fabric                                                                                                                                                        ; alt_sld_fab                       ; alt_sld_fab  ;
;             |alt_sld_fab_alt_sld_fab:alt_sld_fab|                                                                                       ; 90 (1)              ; 91 (5)                    ; 0                 ; 0          ; 0    ; 0            ; |lab6_top|sld_hub:auto_hub|alt_sld_fab_with_jtag_input:\instrumentation_fabric_with_node_gen:fabric_gen_new_way:with_jtag_input_gen:instrumentation_fabric|alt_sld_fab:instrumentation_fabric|alt_sld_fab_alt_sld_fab:alt_sld_fab                                                                                                                    ; alt_sld_fab_alt_sld_fab           ; alt_sld_fab  ;
;                |alt_sld_fab_alt_sld_fab_sldfabric:sldfabric|                                                                            ; 89 (0)              ; 86 (0)                    ; 0                 ; 0          ; 0    ; 0            ; |lab6_top|sld_hub:auto_hub|alt_sld_fab_with_jtag_input:\instrumentation_fabric_with_node_gen:fabric_gen_new_way:with_jtag_input_gen:instrumentation_fabric|alt_sld_fab:instrumentation_fabric|alt_sld_fab_alt_sld_fab:alt_sld_fab|alt_sld_fab_alt_sld_fab_sldfabric:sldfabric                                                                        ; alt_sld_fab_alt_sld_fab_sldfabric ; alt_sld_fab  ;
;                   |sld_jtag_hub:\jtag_hub_gen:real_sld_jtag_hub|                                                                        ; 89 (56)             ; 86 (58)                   ; 0                 ; 0          ; 0    ; 0            ; |lab6_top|sld_hub:auto_hub|alt_sld_fab_with_jtag_input:\instrumentation_fabric_with_node_gen:fabric_gen_new_way:with_jtag_input_gen:instrumentation_fabric|alt_sld_fab:instrumentation_fabric|alt_sld_fab_alt_sld_fab:alt_sld_fab|alt_sld_fab_alt_sld_fab_sldfabric:sldfabric|sld_jtag_hub:\jtag_hub_gen:real_sld_jtag_hub                           ; sld_jtag_hub                      ; work         ;
;                      |sld_rom_sr:hub_info_reg|                                                                                          ; 15 (15)             ; 9 (9)                     ; 0                 ; 0          ; 0    ; 0            ; |lab6_top|sld_hub:auto_hub|alt_sld_fab_with_jtag_input:\instrumentation_fabric_with_node_gen:fabric_gen_new_way:with_jtag_input_gen:instrumentation_fabric|alt_sld_fab:instrumentation_fabric|alt_sld_fab_alt_sld_fab:alt_sld_fab|alt_sld_fab_alt_sld_fab_sldfabric:sldfabric|sld_jtag_hub:\jtag_hub_gen:real_sld_jtag_hub|sld_rom_sr:hub_info_reg   ; sld_rom_sr                        ; work         ;
;                      |sld_shadow_jsm:shadow_jsm|                                                                                        ; 18 (18)             ; 19 (19)                   ; 0                 ; 0          ; 0    ; 0            ; |lab6_top|sld_hub:auto_hub|alt_sld_fab_with_jtag_input:\instrumentation_fabric_with_node_gen:fabric_gen_new_way:with_jtag_input_gen:instrumentation_fabric|alt_sld_fab:instrumentation_fabric|alt_sld_fab_alt_sld_fab:alt_sld_fab|alt_sld_fab_alt_sld_fab_sldfabric:sldfabric|sld_jtag_hub:\jtag_hub_gen:real_sld_jtag_hub|sld_shadow_jsm:shadow_jsm ; sld_shadow_jsm                    ; altera_sld   ;
;    |sld_signaltap:auto_signaltap_0|                                                                                                     ; 416 (2)             ; 2198 (314)                ; 80384             ; 0          ; 0    ; 0            ; |lab6_top|sld_signaltap:auto_signaltap_0                                                                                                                                                                                                                                                                                                             ; sld_signaltap                     ; work         ;
;       |sld_signaltap_impl:sld_signaltap_body|                                                                                           ; 414 (0)             ; 1884 (0)                  ; 80384             ; 0          ; 0    ; 0            ; |lab6_top|sld_signaltap:auto_signaltap_0|sld_signaltap_impl:sld_signaltap_body                                                                                                                                                                                                                                                                       ; sld_signaltap_impl                ; work         ;
;          |sld_signaltap_implb:sld_signaltap_body|                                                                                       ; 414 (67)            ; 1884 (706)                ; 80384             ; 0          ; 0    ; 0            ; |lab6_top|sld_signaltap:auto_signaltap_0|sld_signaltap_impl:sld_signaltap_body|sld_signaltap_implb:sld_signaltap_body                                                                                                                                                                                                                                ; sld_signaltap_implb               ; work         ;
;             |altdpram:\stp_non_zero_ram_gen:attribute_mem_gen:attribute_mem|                                                            ; 2 (0)               ; 58 (58)                   ; 0                 ; 0          ; 0    ; 0            ; |lab6_top|sld_signaltap:auto_signaltap_0|sld_signaltap_impl:sld_signaltap_body|sld_signaltap_implb:sld_signaltap_body|altdpram:\stp_non_zero_ram_gen:attribute_mem_gen:attribute_mem                                                                                                                                                                 ; altdpram                          ; work         ;
;                |lpm_decode:wdecoder|                                                                                                    ; 2 (0)               ; 0 (0)                     ; 0                 ; 0          ; 0    ; 0            ; |lab6_top|sld_signaltap:auto_signaltap_0|sld_signaltap_impl:sld_signaltap_body|sld_signaltap_implb:sld_signaltap_body|altdpram:\stp_non_zero_ram_gen:attribute_mem_gen:attribute_mem|lpm_decode:wdecoder                                                                                                                                             ; lpm_decode                        ; work         ;
;                   |decode_vnf:auto_generated|                                                                                           ; 2 (2)               ; 0 (0)                     ; 0                 ; 0          ; 0    ; 0            ; |lab6_top|sld_signaltap:auto_signaltap_0|sld_signaltap_impl:sld_signaltap_body|sld_signaltap_implb:sld_signaltap_body|altdpram:\stp_non_zero_ram_gen:attribute_mem_gen:attribute_mem|lpm_decode:wdecoder|decode_vnf:auto_generated                                                                                                                   ; decode_vnf                        ; work         ;
;             |altsyncram:\stp_non_zero_ram_gen:stp_buffer_ram|                                                                           ; 0 (0)               ; 0 (0)                     ; 80384             ; 0          ; 0    ; 0            ; |lab6_top|sld_signaltap:auto_signaltap_0|sld_signaltap_impl:sld_signaltap_body|sld_signaltap_implb:sld_signaltap_body|altsyncram:\stp_non_zero_ram_gen:stp_buffer_ram                                                                                                                                                                                ; altsyncram                        ; work         ;
;                |altsyncram_ue84:auto_generated|                                                                                         ; 0 (0)               ; 0 (0)                     ; 80384             ; 0          ; 0    ; 0            ; |lab6_top|sld_signaltap:auto_signaltap_0|sld_signaltap_impl:sld_signaltap_body|sld_signaltap_implb:sld_signaltap_body|altsyncram:\stp_non_zero_ram_gen:stp_buffer_ram|altsyncram_ue84:auto_generated                                                                                                                                                 ; altsyncram_ue84                   ; work         ;
;             |lpm_shiftreg:segment_offset_config_deserialize|                                                                            ; 0 (0)               ; 9 (9)                     ; 0                 ; 0          ; 0    ; 0            ; |lab6_top|sld_signaltap:auto_signaltap_0|sld_signaltap_impl:sld_signaltap_body|sld_signaltap_implb:sld_signaltap_body|lpm_shiftreg:segment_offset_config_deserialize                                                                                                                                                                                 ; lpm_shiftreg                      ; work         ;
;             |lpm_shiftreg:status_register|                                                                                              ; 17 (17)             ; 17 (17)                   ; 0                 ; 0          ; 0    ; 0            ; |lab6_top|sld_signaltap:auto_signaltap_0|sld_signaltap_impl:sld_signaltap_body|sld_signaltap_implb:sld_signaltap_body|lpm_shiftreg:status_register                                                                                                                                                                                                   ; lpm_shiftreg                      ; work         ;
;             |serial_crc_16:\tdo_crc_gen:tdo_crc_calc|                                                                                   ; 4 (4)               ; 13 (13)                   ; 0                 ; 0          ; 0    ; 0            ; |lab6_top|sld_signaltap:auto_signaltap_0|sld_signaltap_impl:sld_signaltap_body|sld_signaltap_implb:sld_signaltap_body|serial_crc_16:\tdo_crc_gen:tdo_crc_calc                                                                                                                                                                                        ; serial_crc_16                     ; work         ;
;             |sld_buffer_manager:sld_buffer_manager_inst|                                                                                ; 69 (69)             ; 54 (54)                   ; 0                 ; 0          ; 0    ; 0            ; |lab6_top|sld_signaltap:auto_signaltap_0|sld_signaltap_impl:sld_signaltap_body|sld_signaltap_implb:sld_signaltap_body|sld_buffer_manager:sld_buffer_manager_inst                                                                                                                                                                                     ; sld_buffer_manager                ; work         ;
;             |sld_ela_control:ela_control|                                                                                               ; 192 (1)             ; 801 (1)                   ; 0                 ; 0          ; 0    ; 0            ; |lab6_top|sld_signaltap:auto_signaltap_0|sld_signaltap_impl:sld_signaltap_body|sld_signaltap_implb:sld_signaltap_body|sld_ela_control:ela_control                                                                                                                                                                                                    ; sld_ela_control                   ; work         ;
;                |lpm_shiftreg:trigger_config_deserialize|                                                                                ; 0 (0)               ; 4 (4)                     ; 0                 ; 0          ; 0    ; 0            ; |lab6_top|sld_signaltap:auto_signaltap_0|sld_signaltap_impl:sld_signaltap_body|sld_signaltap_implb:sld_signaltap_body|sld_ela_control:ela_control|lpm_shiftreg:trigger_config_deserialize                                                                                                                                                            ; lpm_shiftreg                      ; work         ;
;                |sld_ela_basic_multi_level_trigger:\basic_multi_level_mbpm_trigger_gen:multi_level_mbpm|                                 ; 157 (0)             ; 785 (0)                   ; 0                 ; 0          ; 0    ; 0            ; |lab6_top|sld_signaltap:auto_signaltap_0|sld_signaltap_impl:sld_signaltap_body|sld_signaltap_implb:sld_signaltap_body|sld_ela_control:ela_control|sld_ela_basic_multi_level_trigger:\basic_multi_level_mbpm_trigger_gen:multi_level_mbpm                                                                                                             ; sld_ela_basic_multi_level_trigger ; work         ;
;                   |lpm_shiftreg:trigger_condition_deserialize|                                                                          ; 0 (0)               ; 471 (471)                 ; 0                 ; 0          ; 0    ; 0            ; |lab6_top|sld_signaltap:auto_signaltap_0|sld_signaltap_impl:sld_signaltap_body|sld_signaltap_implb:sld_signaltap_body|sld_ela_control:ela_control|sld_ela_basic_multi_level_trigger:\basic_multi_level_mbpm_trigger_gen:multi_level_mbpm|lpm_shiftreg:trigger_condition_deserialize                                                                  ; lpm_shiftreg                      ; work         ;
;                   |sld_mbpmg:\trigger_modules_gen:0:trigger_match|                                                                      ; 157 (0)             ; 314 (0)                   ; 0                 ; 0          ; 0    ; 0            ; |lab6_top|sld_signaltap:auto_signaltap_0|sld_signaltap_impl:sld_signaltap_body|sld_signaltap_implb:sld_signaltap_body|sld_ela_control:ela_control|sld_ela_basic_multi_level_trigger:\basic_multi_level_mbpm_trigger_gen:multi_level_mbpm|sld_mbpmg:\trigger_modules_gen:0:trigger_match                                                              ; sld_mbpmg                         ; work         ;
;                      |sld_sbpmg:\gen_sbpmg_pipeline_less_than_two:sm0:0:sm1|                                                            ; 1 (1)               ; 2 (2)                     ; 0                 ; 0          ; 0    ; 0            ; |lab6_top|sld_signaltap:auto_signaltap_0|sld_signaltap_impl:sld_signaltap_body|sld_signaltap_implb:sld_signaltap_body|sld_ela_control:ela_control|sld_ela_basic_multi_level_trigger:\basic_multi_level_mbpm_trigger_gen:multi_level_mbpm|sld_mbpmg:\trigger_modules_gen:0:trigger_match|sld_sbpmg:\gen_sbpmg_pipeline_less_than_two:sm0:0:sm1        ; sld_sbpmg                         ; work         ;
;                      |sld_sbpmg:\gen_sbpmg_pipeline_less_than_two:sm0:100:sm1|                                                          ; 1 (1)               ; 2 (2)                     ; 0                 ; 0          ; 0    ; 0            ; |lab6_top|sld_signaltap:auto_signaltap_0|sld_signaltap_impl:sld_signaltap_body|sld_signaltap_implb:sld_signaltap_body|sld_ela_control:ela_control|sld_ela_basic_multi_level_trigger:\basic_multi_level_mbpm_trigger_gen:multi_level_mbpm|sld_mbpmg:\trigger_modules_gen:0:trigger_match|sld_sbpmg:\gen_sbpmg_pipeline_less_than_two:sm0:100:sm1      ; sld_sbpmg                         ; work         ;
;                      |sld_sbpmg:\gen_sbpmg_pipeline_less_than_two:sm0:101:sm1|                                                          ; 1 (1)               ; 2 (2)                     ; 0                 ; 0          ; 0    ; 0            ; |lab6_top|sld_signaltap:auto_signaltap_0|sld_signaltap_impl:sld_signaltap_body|sld_signaltap_implb:sld_signaltap_body|sld_ela_control:ela_control|sld_ela_basic_multi_level_trigger:\basic_multi_level_mbpm_trigger_gen:multi_level_mbpm|sld_mbpmg:\trigger_modules_gen:0:trigger_match|sld_sbpmg:\gen_sbpmg_pipeline_less_than_two:sm0:101:sm1      ; sld_sbpmg                         ; work         ;
;                      |sld_sbpmg:\gen_sbpmg_pipeline_less_than_two:sm0:102:sm1|                                                          ; 1 (1)               ; 2 (2)                     ; 0                 ; 0          ; 0    ; 0            ; |lab6_top|sld_signaltap:auto_signaltap_0|sld_signaltap_impl:sld_signaltap_body|sld_signaltap_implb:sld_signaltap_body|sld_ela_control:ela_control|sld_ela_basic_multi_level_trigger:\basic_multi_level_mbpm_trigger_gen:multi_level_mbpm|sld_mbpmg:\trigger_modules_gen:0:trigger_match|sld_sbpmg:\gen_sbpmg_pipeline_less_than_two:sm0:102:sm1      ; sld_sbpmg                         ; work         ;
;                      |sld_sbpmg:\gen_sbpmg_pipeline_less_than_two:sm0:103:sm1|                                                          ; 1 (1)               ; 2 (2)                     ; 0                 ; 0          ; 0    ; 0            ; |lab6_top|sld_signaltap:auto_signaltap_0|sld_signaltap_impl:sld_signaltap_body|sld_signaltap_implb:sld_signaltap_body|sld_ela_control:ela_control|sld_ela_basic_multi_level_trigger:\basic_multi_level_mbpm_trigger_gen:multi_level_mbpm|sld_mbpmg:\trigger_modules_gen:0:trigger_match|sld_sbpmg:\gen_sbpmg_pipeline_less_than_two:sm0:103:sm1      ; sld_sbpmg                         ; work         ;
;                      |sld_sbpmg:\gen_sbpmg_pipeline_less_than_two:sm0:104:sm1|                                                          ; 1 (1)               ; 2 (2)                     ; 0                 ; 0          ; 0    ; 0            ; |lab6_top|sld_signaltap:auto_signaltap_0|sld_signaltap_impl:sld_signaltap_body|sld_signaltap_implb:sld_signaltap_body|sld_ela_control:ela_control|sld_ela_basic_multi_level_trigger:\basic_multi_level_mbpm_trigger_gen:multi_level_mbpm|sld_mbpmg:\trigger_modules_gen:0:trigger_match|sld_sbpmg:\gen_sbpmg_pipeline_less_than_two:sm0:104:sm1      ; sld_sbpmg                         ; work         ;
;                      |sld_sbpmg:\gen_sbpmg_pipeline_less_than_two:sm0:105:sm1|                                                          ; 1 (1)               ; 2 (2)                     ; 0                 ; 0          ; 0    ; 0            ; |lab6_top|sld_signaltap:auto_signaltap_0|sld_signaltap_impl:sld_signaltap_body|sld_signaltap_implb:sld_signaltap_body|sld_ela_control:ela_control|sld_ela_basic_multi_level_trigger:\basic_multi_level_mbpm_trigger_gen:multi_level_mbpm|sld_mbpmg:\trigger_modules_gen:0:trigger_match|sld_sbpmg:\gen_sbpmg_pipeline_less_than_two:sm0:105:sm1      ; sld_sbpmg                         ; work         ;
;                      |sld_sbpmg:\gen_sbpmg_pipeline_less_than_two:sm0:106:sm1|                                                          ; 1 (1)               ; 2 (2)                     ; 0                 ; 0          ; 0    ; 0            ; |lab6_top|sld_signaltap:auto_signaltap_0|sld_signaltap_impl:sld_signaltap_body|sld_signaltap_implb:sld_signaltap_body|sld_ela_control:ela_control|sld_ela_basic_multi_level_trigger:\basic_multi_level_mbpm_trigger_gen:multi_level_mbpm|sld_mbpmg:\trigger_modules_gen:0:trigger_match|sld_sbpmg:\gen_sbpmg_pipeline_less_than_two:sm0:106:sm1      ; sld_sbpmg                         ; work         ;
;                      |sld_sbpmg:\gen_sbpmg_pipeline_less_than_two:sm0:107:sm1|                                                          ; 1 (1)               ; 2 (2)                     ; 0                 ; 0          ; 0    ; 0            ; |lab6_top|sld_signaltap:auto_signaltap_0|sld_signaltap_impl:sld_signaltap_body|sld_signaltap_implb:sld_signaltap_body|sld_ela_control:ela_control|sld_ela_basic_multi_level_trigger:\basic_multi_level_mbpm_trigger_gen:multi_level_mbpm|sld_mbpmg:\trigger_modules_gen:0:trigger_match|sld_sbpmg:\gen_sbpmg_pipeline_less_than_two:sm0:107:sm1      ; sld_sbpmg                         ; work         ;
;                      |sld_sbpmg:\gen_sbpmg_pipeline_less_than_two:sm0:108:sm1|                                                          ; 1 (1)               ; 2 (2)                     ; 0                 ; 0          ; 0    ; 0            ; |lab6_top|sld_signaltap:auto_signaltap_0|sld_signaltap_impl:sld_signaltap_body|sld_signaltap_implb:sld_signaltap_body|sld_ela_control:ela_control|sld_ela_basic_multi_level_trigger:\basic_multi_level_mbpm_trigger_gen:multi_level_mbpm|sld_mbpmg:\trigger_modules_gen:0:trigger_match|sld_sbpmg:\gen_sbpmg_pipeline_less_than_two:sm0:108:sm1      ; sld_sbpmg                         ; work         ;
;                      |sld_sbpmg:\gen_sbpmg_pipeline_less_than_two:sm0:109:sm1|                                                          ; 1 (1)               ; 2 (2)                     ; 0                 ; 0          ; 0    ; 0            ; |lab6_top|sld_signaltap:auto_signaltap_0|sld_signaltap_impl:sld_signaltap_body|sld_signaltap_implb:sld_signaltap_body|sld_ela_control:ela_control|sld_ela_basic_multi_level_trigger:\basic_multi_level_mbpm_trigger_gen:multi_level_mbpm|sld_mbpmg:\trigger_modules_gen:0:trigger_match|sld_sbpmg:\gen_sbpmg_pipeline_less_than_two:sm0:109:sm1      ; sld_sbpmg                         ; work         ;
;                      |sld_sbpmg:\gen_sbpmg_pipeline_less_than_two:sm0:10:sm1|                                                           ; 1 (1)               ; 2 (2)                     ; 0                 ; 0          ; 0    ; 0            ; |lab6_top|sld_signaltap:auto_signaltap_0|sld_signaltap_impl:sld_signaltap_body|sld_signaltap_implb:sld_signaltap_body|sld_ela_control:ela_control|sld_ela_basic_multi_level_trigger:\basic_multi_level_mbpm_trigger_gen:multi_level_mbpm|sld_mbpmg:\trigger_modules_gen:0:trigger_match|sld_sbpmg:\gen_sbpmg_pipeline_less_than_two:sm0:10:sm1       ; sld_sbpmg                         ; work         ;
;                      |sld_sbpmg:\gen_sbpmg_pipeline_less_than_two:sm0:110:sm1|                                                          ; 1 (1)               ; 2 (2)                     ; 0                 ; 0          ; 0    ; 0            ; |lab6_top|sld_signaltap:auto_signaltap_0|sld_signaltap_impl:sld_signaltap_body|sld_signaltap_implb:sld_signaltap_body|sld_ela_control:ela_control|sld_ela_basic_multi_level_trigger:\basic_multi_level_mbpm_trigger_gen:multi_level_mbpm|sld_mbpmg:\trigger_modules_gen:0:trigger_match|sld_sbpmg:\gen_sbpmg_pipeline_less_than_two:sm0:110:sm1      ; sld_sbpmg                         ; work         ;
;                      |sld_sbpmg:\gen_sbpmg_pipeline_less_than_two:sm0:111:sm1|                                                          ; 1 (1)               ; 2 (2)                     ; 0                 ; 0          ; 0    ; 0            ; |lab6_top|sld_signaltap:auto_signaltap_0|sld_signaltap_impl:sld_signaltap_body|sld_signaltap_implb:sld_signaltap_body|sld_ela_control:ela_control|sld_ela_basic_multi_level_trigger:\basic_multi_level_mbpm_trigger_gen:multi_level_mbpm|sld_mbpmg:\trigger_modules_gen:0:trigger_match|sld_sbpmg:\gen_sbpmg_pipeline_less_than_two:sm0:111:sm1      ; sld_sbpmg                         ; work         ;
;                      |sld_sbpmg:\gen_sbpmg_pipeline_less_than_two:sm0:112:sm1|                                                          ; 1 (1)               ; 2 (2)                     ; 0                 ; 0          ; 0    ; 0            ; |lab6_top|sld_signaltap:auto_signaltap_0|sld_signaltap_impl:sld_signaltap_body|sld_signaltap_implb:sld_signaltap_body|sld_ela_control:ela_control|sld_ela_basic_multi_level_trigger:\basic_multi_level_mbpm_trigger_gen:multi_level_mbpm|sld_mbpmg:\trigger_modules_gen:0:trigger_match|sld_sbpmg:\gen_sbpmg_pipeline_less_than_two:sm0:112:sm1      ; sld_sbpmg                         ; work         ;
;                      |sld_sbpmg:\gen_sbpmg_pipeline_less_than_two:sm0:113:sm1|                                                          ; 1 (1)               ; 2 (2)                     ; 0                 ; 0          ; 0    ; 0            ; |lab6_top|sld_signaltap:auto_signaltap_0|sld_signaltap_impl:sld_signaltap_body|sld_signaltap_implb:sld_signaltap_body|sld_ela_control:ela_control|sld_ela_basic_multi_level_trigger:\basic_multi_level_mbpm_trigger_gen:multi_level_mbpm|sld_mbpmg:\trigger_modules_gen:0:trigger_match|sld_sbpmg:\gen_sbpmg_pipeline_less_than_two:sm0:113:sm1      ; sld_sbpmg                         ; work         ;
;                      |sld_sbpmg:\gen_sbpmg_pipeline_less_than_two:sm0:114:sm1|                                                          ; 1 (1)               ; 2 (2)                     ; 0                 ; 0          ; 0    ; 0            ; |lab6_top|sld_signaltap:auto_signaltap_0|sld_signaltap_impl:sld_signaltap_body|sld_signaltap_implb:sld_signaltap_body|sld_ela_control:ela_control|sld_ela_basic_multi_level_trigger:\basic_multi_level_mbpm_trigger_gen:multi_level_mbpm|sld_mbpmg:\trigger_modules_gen:0:trigger_match|sld_sbpmg:\gen_sbpmg_pipeline_less_than_two:sm0:114:sm1      ; sld_sbpmg                         ; work         ;
;                      |sld_sbpmg:\gen_sbpmg_pipeline_less_than_two:sm0:115:sm1|                                                          ; 1 (1)               ; 2 (2)                     ; 0                 ; 0          ; 0    ; 0            ; |lab6_top|sld_signaltap:auto_signaltap_0|sld_signaltap_impl:sld_signaltap_body|sld_signaltap_implb:sld_signaltap_body|sld_ela_control:ela_control|sld_ela_basic_multi_level_trigger:\basic_multi_level_mbpm_trigger_gen:multi_level_mbpm|sld_mbpmg:\trigger_modules_gen:0:trigger_match|sld_sbpmg:\gen_sbpmg_pipeline_less_than_two:sm0:115:sm1      ; sld_sbpmg                         ; work         ;
;                      |sld_sbpmg:\gen_sbpmg_pipeline_less_than_two:sm0:116:sm1|                                                          ; 1 (1)               ; 2 (2)                     ; 0                 ; 0          ; 0    ; 0            ; |lab6_top|sld_signaltap:auto_signaltap_0|sld_signaltap_impl:sld_signaltap_body|sld_signaltap_implb:sld_signaltap_body|sld_ela_control:ela_control|sld_ela_basic_multi_level_trigger:\basic_multi_level_mbpm_trigger_gen:multi_level_mbpm|sld_mbpmg:\trigger_modules_gen:0:trigger_match|sld_sbpmg:\gen_sbpmg_pipeline_less_than_two:sm0:116:sm1      ; sld_sbpmg                         ; work         ;
;                      |sld_sbpmg:\gen_sbpmg_pipeline_less_than_two:sm0:117:sm1|                                                          ; 1 (1)               ; 2 (2)                     ; 0                 ; 0          ; 0    ; 0            ; |lab6_top|sld_signaltap:auto_signaltap_0|sld_signaltap_impl:sld_signaltap_body|sld_signaltap_implb:sld_signaltap_body|sld_ela_control:ela_control|sld_ela_basic_multi_level_trigger:\basic_multi_level_mbpm_trigger_gen:multi_level_mbpm|sld_mbpmg:\trigger_modules_gen:0:trigger_match|sld_sbpmg:\gen_sbpmg_pipeline_less_than_two:sm0:117:sm1      ; sld_sbpmg                         ; work         ;
;                      |sld_sbpmg:\gen_sbpmg_pipeline_less_than_two:sm0:118:sm1|                                                          ; 1 (1)               ; 2 (2)                     ; 0                 ; 0          ; 0    ; 0            ; |lab6_top|sld_signaltap:auto_signaltap_0|sld_signaltap_impl:sld_signaltap_body|sld_signaltap_implb:sld_signaltap_body|sld_ela_control:ela_control|sld_ela_basic_multi_level_trigger:\basic_multi_level_mbpm_trigger_gen:multi_level_mbpm|sld_mbpmg:\trigger_modules_gen:0:trigger_match|sld_sbpmg:\gen_sbpmg_pipeline_less_than_two:sm0:118:sm1      ; sld_sbpmg                         ; work         ;
;                      |sld_sbpmg:\gen_sbpmg_pipeline_less_than_two:sm0:119:sm1|                                                          ; 1 (1)               ; 2 (2)                     ; 0                 ; 0          ; 0    ; 0            ; |lab6_top|sld_signaltap:auto_signaltap_0|sld_signaltap_impl:sld_signaltap_body|sld_signaltap_implb:sld_signaltap_body|sld_ela_control:ela_control|sld_ela_basic_multi_level_trigger:\basic_multi_level_mbpm_trigger_gen:multi_level_mbpm|sld_mbpmg:\trigger_modules_gen:0:trigger_match|sld_sbpmg:\gen_sbpmg_pipeline_less_than_two:sm0:119:sm1      ; sld_sbpmg                         ; work         ;
;                      |sld_sbpmg:\gen_sbpmg_pipeline_less_than_two:sm0:11:sm1|                                                           ; 1 (1)               ; 2 (2)                     ; 0                 ; 0          ; 0    ; 0            ; |lab6_top|sld_signaltap:auto_signaltap_0|sld_signaltap_impl:sld_signaltap_body|sld_signaltap_implb:sld_signaltap_body|sld_ela_control:ela_control|sld_ela_basic_multi_level_trigger:\basic_multi_level_mbpm_trigger_gen:multi_level_mbpm|sld_mbpmg:\trigger_modules_gen:0:trigger_match|sld_sbpmg:\gen_sbpmg_pipeline_less_than_two:sm0:11:sm1       ; sld_sbpmg                         ; work         ;
;                      |sld_sbpmg:\gen_sbpmg_pipeline_less_than_two:sm0:120:sm1|                                                          ; 1 (1)               ; 2 (2)                     ; 0                 ; 0          ; 0    ; 0            ; |lab6_top|sld_signaltap:auto_signaltap_0|sld_signaltap_impl:sld_signaltap_body|sld_signaltap_implb:sld_signaltap_body|sld_ela_control:ela_control|sld_ela_basic_multi_level_trigger:\basic_multi_level_mbpm_trigger_gen:multi_level_mbpm|sld_mbpmg:\trigger_modules_gen:0:trigger_match|sld_sbpmg:\gen_sbpmg_pipeline_less_than_two:sm0:120:sm1      ; sld_sbpmg                         ; work         ;
;                      |sld_sbpmg:\gen_sbpmg_pipeline_less_than_two:sm0:121:sm1|                                                          ; 1 (1)               ; 2 (2)                     ; 0                 ; 0          ; 0    ; 0            ; |lab6_top|sld_signaltap:auto_signaltap_0|sld_signaltap_impl:sld_signaltap_body|sld_signaltap_implb:sld_signaltap_body|sld_ela_control:ela_control|sld_ela_basic_multi_level_trigger:\basic_multi_level_mbpm_trigger_gen:multi_level_mbpm|sld_mbpmg:\trigger_modules_gen:0:trigger_match|sld_sbpmg:\gen_sbpmg_pipeline_less_than_two:sm0:121:sm1      ; sld_sbpmg                         ; work         ;
;                      |sld_sbpmg:\gen_sbpmg_pipeline_less_than_two:sm0:122:sm1|                                                          ; 1 (1)               ; 2 (2)                     ; 0                 ; 0          ; 0    ; 0            ; |lab6_top|sld_signaltap:auto_signaltap_0|sld_signaltap_impl:sld_signaltap_body|sld_signaltap_implb:sld_signaltap_body|sld_ela_control:ela_control|sld_ela_basic_multi_level_trigger:\basic_multi_level_mbpm_trigger_gen:multi_level_mbpm|sld_mbpmg:\trigger_modules_gen:0:trigger_match|sld_sbpmg:\gen_sbpmg_pipeline_less_than_two:sm0:122:sm1      ; sld_sbpmg                         ; work         ;
;                      |sld_sbpmg:\gen_sbpmg_pipeline_less_than_two:sm0:123:sm1|                                                          ; 1 (1)               ; 2 (2)                     ; 0                 ; 0          ; 0    ; 0            ; |lab6_top|sld_signaltap:auto_signaltap_0|sld_signaltap_impl:sld_signaltap_body|sld_signaltap_implb:sld_signaltap_body|sld_ela_control:ela_control|sld_ela_basic_multi_level_trigger:\basic_multi_level_mbpm_trigger_gen:multi_level_mbpm|sld_mbpmg:\trigger_modules_gen:0:trigger_match|sld_sbpmg:\gen_sbpmg_pipeline_less_than_two:sm0:123:sm1      ; sld_sbpmg                         ; work         ;
;                      |sld_sbpmg:\gen_sbpmg_pipeline_less_than_two:sm0:124:sm1|                                                          ; 1 (1)               ; 2 (2)                     ; 0                 ; 0          ; 0    ; 0            ; |lab6_top|sld_signaltap:auto_signaltap_0|sld_signaltap_impl:sld_signaltap_body|sld_signaltap_implb:sld_signaltap_body|sld_ela_control:ela_control|sld_ela_basic_multi_level_trigger:\basic_multi_level_mbpm_trigger_gen:multi_level_mbpm|sld_mbpmg:\trigger_modules_gen:0:trigger_match|sld_sbpmg:\gen_sbpmg_pipeline_less_than_two:sm0:124:sm1      ; sld_sbpmg                         ; work         ;
;                      |sld_sbpmg:\gen_sbpmg_pipeline_less_than_two:sm0:125:sm1|                                                          ; 1 (1)               ; 2 (2)                     ; 0                 ; 0          ; 0    ; 0            ; |lab6_top|sld_signaltap:auto_signaltap_0|sld_signaltap_impl:sld_signaltap_body|sld_signaltap_implb:sld_signaltap_body|sld_ela_control:ela_control|sld_ela_basic_multi_level_trigger:\basic_multi_level_mbpm_trigger_gen:multi_level_mbpm|sld_mbpmg:\trigger_modules_gen:0:trigger_match|sld_sbpmg:\gen_sbpmg_pipeline_less_than_two:sm0:125:sm1      ; sld_sbpmg                         ; work         ;
;                      |sld_sbpmg:\gen_sbpmg_pipeline_less_than_two:sm0:126:sm1|                                                          ; 1 (1)               ; 2 (2)                     ; 0                 ; 0          ; 0    ; 0            ; |lab6_top|sld_signaltap:auto_signaltap_0|sld_signaltap_impl:sld_signaltap_body|sld_signaltap_implb:sld_signaltap_body|sld_ela_control:ela_control|sld_ela_basic_multi_level_trigger:\basic_multi_level_mbpm_trigger_gen:multi_level_mbpm|sld_mbpmg:\trigger_modules_gen:0:trigger_match|sld_sbpmg:\gen_sbpmg_pipeline_less_than_two:sm0:126:sm1      ; sld_sbpmg                         ; work         ;
;                      |sld_sbpmg:\gen_sbpmg_pipeline_less_than_two:sm0:127:sm1|                                                          ; 1 (1)               ; 2 (2)                     ; 0                 ; 0          ; 0    ; 0            ; |lab6_top|sld_signaltap:auto_signaltap_0|sld_signaltap_impl:sld_signaltap_body|sld_signaltap_implb:sld_signaltap_body|sld_ela_control:ela_control|sld_ela_basic_multi_level_trigger:\basic_multi_level_mbpm_trigger_gen:multi_level_mbpm|sld_mbpmg:\trigger_modules_gen:0:trigger_match|sld_sbpmg:\gen_sbpmg_pipeline_less_than_two:sm0:127:sm1      ; sld_sbpmg                         ; work         ;
;                      |sld_sbpmg:\gen_sbpmg_pipeline_less_than_two:sm0:128:sm1|                                                          ; 1 (1)               ; 2 (2)                     ; 0                 ; 0          ; 0    ; 0            ; |lab6_top|sld_signaltap:auto_signaltap_0|sld_signaltap_impl:sld_signaltap_body|sld_signaltap_implb:sld_signaltap_body|sld_ela_control:ela_control|sld_ela_basic_multi_level_trigger:\basic_multi_level_mbpm_trigger_gen:multi_level_mbpm|sld_mbpmg:\trigger_modules_gen:0:trigger_match|sld_sbpmg:\gen_sbpmg_pipeline_less_than_two:sm0:128:sm1      ; sld_sbpmg                         ; work         ;
;                      |sld_sbpmg:\gen_sbpmg_pipeline_less_than_two:sm0:129:sm1|                                                          ; 1 (1)               ; 2 (2)                     ; 0                 ; 0          ; 0    ; 0            ; |lab6_top|sld_signaltap:auto_signaltap_0|sld_signaltap_impl:sld_signaltap_body|sld_signaltap_implb:sld_signaltap_body|sld_ela_control:ela_control|sld_ela_basic_multi_level_trigger:\basic_multi_level_mbpm_trigger_gen:multi_level_mbpm|sld_mbpmg:\trigger_modules_gen:0:trigger_match|sld_sbpmg:\gen_sbpmg_pipeline_less_than_two:sm0:129:sm1      ; sld_sbpmg                         ; work         ;
;                      |sld_sbpmg:\gen_sbpmg_pipeline_less_than_two:sm0:12:sm1|                                                           ; 1 (1)               ; 2 (2)                     ; 0                 ; 0          ; 0    ; 0            ; |lab6_top|sld_signaltap:auto_signaltap_0|sld_signaltap_impl:sld_signaltap_body|sld_signaltap_implb:sld_signaltap_body|sld_ela_control:ela_control|sld_ela_basic_multi_level_trigger:\basic_multi_level_mbpm_trigger_gen:multi_level_mbpm|sld_mbpmg:\trigger_modules_gen:0:trigger_match|sld_sbpmg:\gen_sbpmg_pipeline_less_than_two:sm0:12:sm1       ; sld_sbpmg                         ; work         ;
;                      |sld_sbpmg:\gen_sbpmg_pipeline_less_than_two:sm0:130:sm1|                                                          ; 1 (1)               ; 2 (2)                     ; 0                 ; 0          ; 0    ; 0            ; |lab6_top|sld_signaltap:auto_signaltap_0|sld_signaltap_impl:sld_signaltap_body|sld_signaltap_implb:sld_signaltap_body|sld_ela_control:ela_control|sld_ela_basic_multi_level_trigger:\basic_multi_level_mbpm_trigger_gen:multi_level_mbpm|sld_mbpmg:\trigger_modules_gen:0:trigger_match|sld_sbpmg:\gen_sbpmg_pipeline_less_than_two:sm0:130:sm1      ; sld_sbpmg                         ; work         ;
;                      |sld_sbpmg:\gen_sbpmg_pipeline_less_than_two:sm0:131:sm1|                                                          ; 1 (1)               ; 2 (2)                     ; 0                 ; 0          ; 0    ; 0            ; |lab6_top|sld_signaltap:auto_signaltap_0|sld_signaltap_impl:sld_signaltap_body|sld_signaltap_implb:sld_signaltap_body|sld_ela_control:ela_control|sld_ela_basic_multi_level_trigger:\basic_multi_level_mbpm_trigger_gen:multi_level_mbpm|sld_mbpmg:\trigger_modules_gen:0:trigger_match|sld_sbpmg:\gen_sbpmg_pipeline_less_than_two:sm0:131:sm1      ; sld_sbpmg                         ; work         ;
;                      |sld_sbpmg:\gen_sbpmg_pipeline_less_than_two:sm0:132:sm1|                                                          ; 1 (1)               ; 2 (2)                     ; 0                 ; 0          ; 0    ; 0            ; |lab6_top|sld_signaltap:auto_signaltap_0|sld_signaltap_impl:sld_signaltap_body|sld_signaltap_implb:sld_signaltap_body|sld_ela_control:ela_control|sld_ela_basic_multi_level_trigger:\basic_multi_level_mbpm_trigger_gen:multi_level_mbpm|sld_mbpmg:\trigger_modules_gen:0:trigger_match|sld_sbpmg:\gen_sbpmg_pipeline_less_than_two:sm0:132:sm1      ; sld_sbpmg                         ; work         ;
;                      |sld_sbpmg:\gen_sbpmg_pipeline_less_than_two:sm0:133:sm1|                                                          ; 1 (1)               ; 2 (2)                     ; 0                 ; 0          ; 0    ; 0            ; |lab6_top|sld_signaltap:auto_signaltap_0|sld_signaltap_impl:sld_signaltap_body|sld_signaltap_implb:sld_signaltap_body|sld_ela_control:ela_control|sld_ela_basic_multi_level_trigger:\basic_multi_level_mbpm_trigger_gen:multi_level_mbpm|sld_mbpmg:\trigger_modules_gen:0:trigger_match|sld_sbpmg:\gen_sbpmg_pipeline_less_than_two:sm0:133:sm1      ; sld_sbpmg                         ; work         ;
;                      |sld_sbpmg:\gen_sbpmg_pipeline_less_than_two:sm0:134:sm1|                                                          ; 1 (1)               ; 2 (2)                     ; 0                 ; 0          ; 0    ; 0            ; |lab6_top|sld_signaltap:auto_signaltap_0|sld_signaltap_impl:sld_signaltap_body|sld_signaltap_implb:sld_signaltap_body|sld_ela_control:ela_control|sld_ela_basic_multi_level_trigger:\basic_multi_level_mbpm_trigger_gen:multi_level_mbpm|sld_mbpmg:\trigger_modules_gen:0:trigger_match|sld_sbpmg:\gen_sbpmg_pipeline_less_than_two:sm0:134:sm1      ; sld_sbpmg                         ; work         ;
;                      |sld_sbpmg:\gen_sbpmg_pipeline_less_than_two:sm0:135:sm1|                                                          ; 1 (1)               ; 2 (2)                     ; 0                 ; 0          ; 0    ; 0            ; |lab6_top|sld_signaltap:auto_signaltap_0|sld_signaltap_impl:sld_signaltap_body|sld_signaltap_implb:sld_signaltap_body|sld_ela_control:ela_control|sld_ela_basic_multi_level_trigger:\basic_multi_level_mbpm_trigger_gen:multi_level_mbpm|sld_mbpmg:\trigger_modules_gen:0:trigger_match|sld_sbpmg:\gen_sbpmg_pipeline_less_than_two:sm0:135:sm1      ; sld_sbpmg                         ; work         ;
;                      |sld_sbpmg:\gen_sbpmg_pipeline_less_than_two:sm0:136:sm1|                                                          ; 1 (1)               ; 2 (2)                     ; 0                 ; 0          ; 0    ; 0            ; |lab6_top|sld_signaltap:auto_signaltap_0|sld_signaltap_impl:sld_signaltap_body|sld_signaltap_implb:sld_signaltap_body|sld_ela_control:ela_control|sld_ela_basic_multi_level_trigger:\basic_multi_level_mbpm_trigger_gen:multi_level_mbpm|sld_mbpmg:\trigger_modules_gen:0:trigger_match|sld_sbpmg:\gen_sbpmg_pipeline_less_than_two:sm0:136:sm1      ; sld_sbpmg                         ; work         ;
;                      |sld_sbpmg:\gen_sbpmg_pipeline_less_than_two:sm0:137:sm1|                                                          ; 1 (1)               ; 2 (2)                     ; 0                 ; 0          ; 0    ; 0            ; |lab6_top|sld_signaltap:auto_signaltap_0|sld_signaltap_impl:sld_signaltap_body|sld_signaltap_implb:sld_signaltap_body|sld_ela_control:ela_control|sld_ela_basic_multi_level_trigger:\basic_multi_level_mbpm_trigger_gen:multi_level_mbpm|sld_mbpmg:\trigger_modules_gen:0:trigger_match|sld_sbpmg:\gen_sbpmg_pipeline_less_than_two:sm0:137:sm1      ; sld_sbpmg                         ; work         ;
;                      |sld_sbpmg:\gen_sbpmg_pipeline_less_than_two:sm0:138:sm1|                                                          ; 1 (1)               ; 2 (2)                     ; 0                 ; 0          ; 0    ; 0            ; |lab6_top|sld_signaltap:auto_signaltap_0|sld_signaltap_impl:sld_signaltap_body|sld_signaltap_implb:sld_signaltap_body|sld_ela_control:ela_control|sld_ela_basic_multi_level_trigger:\basic_multi_level_mbpm_trigger_gen:multi_level_mbpm|sld_mbpmg:\trigger_modules_gen:0:trigger_match|sld_sbpmg:\gen_sbpmg_pipeline_less_than_two:sm0:138:sm1      ; sld_sbpmg                         ; work         ;
;                      |sld_sbpmg:\gen_sbpmg_pipeline_less_than_two:sm0:139:sm1|                                                          ; 1 (1)               ; 2 (2)                     ; 0                 ; 0          ; 0    ; 0            ; |lab6_top|sld_signaltap:auto_signaltap_0|sld_signaltap_impl:sld_signaltap_body|sld_signaltap_implb:sld_signaltap_body|sld_ela_control:ela_control|sld_ela_basic_multi_level_trigger:\basic_multi_level_mbpm_trigger_gen:multi_level_mbpm|sld_mbpmg:\trigger_modules_gen:0:trigger_match|sld_sbpmg:\gen_sbpmg_pipeline_less_than_two:sm0:139:sm1      ; sld_sbpmg                         ; work         ;
;                      |sld_sbpmg:\gen_sbpmg_pipeline_less_than_two:sm0:13:sm1|                                                           ; 1 (1)               ; 2 (2)                     ; 0                 ; 0          ; 0    ; 0            ; |lab6_top|sld_signaltap:auto_signaltap_0|sld_signaltap_impl:sld_signaltap_body|sld_signaltap_implb:sld_signaltap_body|sld_ela_control:ela_control|sld_ela_basic_multi_level_trigger:\basic_multi_level_mbpm_trigger_gen:multi_level_mbpm|sld_mbpmg:\trigger_modules_gen:0:trigger_match|sld_sbpmg:\gen_sbpmg_pipeline_less_than_two:sm0:13:sm1       ; sld_sbpmg                         ; work         ;
;                      |sld_sbpmg:\gen_sbpmg_pipeline_less_than_two:sm0:140:sm1|                                                          ; 1 (1)               ; 2 (2)                     ; 0                 ; 0          ; 0    ; 0            ; |lab6_top|sld_signaltap:auto_signaltap_0|sld_signaltap_impl:sld_signaltap_body|sld_signaltap_implb:sld_signaltap_body|sld_ela_control:ela_control|sld_ela_basic_multi_level_trigger:\basic_multi_level_mbpm_trigger_gen:multi_level_mbpm|sld_mbpmg:\trigger_modules_gen:0:trigger_match|sld_sbpmg:\gen_sbpmg_pipeline_less_than_two:sm0:140:sm1      ; sld_sbpmg                         ; work         ;
;                      |sld_sbpmg:\gen_sbpmg_pipeline_less_than_two:sm0:141:sm1|                                                          ; 1 (1)               ; 2 (2)                     ; 0                 ; 0          ; 0    ; 0            ; |lab6_top|sld_signaltap:auto_signaltap_0|sld_signaltap_impl:sld_signaltap_body|sld_signaltap_implb:sld_signaltap_body|sld_ela_control:ela_control|sld_ela_basic_multi_level_trigger:\basic_multi_level_mbpm_trigger_gen:multi_level_mbpm|sld_mbpmg:\trigger_modules_gen:0:trigger_match|sld_sbpmg:\gen_sbpmg_pipeline_less_than_two:sm0:141:sm1      ; sld_sbpmg                         ; work         ;
;                      |sld_sbpmg:\gen_sbpmg_pipeline_less_than_two:sm0:142:sm1|                                                          ; 1 (1)               ; 2 (2)                     ; 0                 ; 0          ; 0    ; 0            ; |lab6_top|sld_signaltap:auto_signaltap_0|sld_signaltap_impl:sld_signaltap_body|sld_signaltap_implb:sld_signaltap_body|sld_ela_control:ela_control|sld_ela_basic_multi_level_trigger:\basic_multi_level_mbpm_trigger_gen:multi_level_mbpm|sld_mbpmg:\trigger_modules_gen:0:trigger_match|sld_sbpmg:\gen_sbpmg_pipeline_less_than_two:sm0:142:sm1      ; sld_sbpmg                         ; work         ;
;                      |sld_sbpmg:\gen_sbpmg_pipeline_less_than_two:sm0:143:sm1|                                                          ; 1 (1)               ; 2 (2)                     ; 0                 ; 0          ; 0    ; 0            ; |lab6_top|sld_signaltap:auto_signaltap_0|sld_signaltap_impl:sld_signaltap_body|sld_signaltap_implb:sld_signaltap_body|sld_ela_control:ela_control|sld_ela_basic_multi_level_trigger:\basic_multi_level_mbpm_trigger_gen:multi_level_mbpm|sld_mbpmg:\trigger_modules_gen:0:trigger_match|sld_sbpmg:\gen_sbpmg_pipeline_less_than_two:sm0:143:sm1      ; sld_sbpmg                         ; work         ;
;                      |sld_sbpmg:\gen_sbpmg_pipeline_less_than_two:sm0:144:sm1|                                                          ; 1 (1)               ; 2 (2)                     ; 0                 ; 0          ; 0    ; 0            ; |lab6_top|sld_signaltap:auto_signaltap_0|sld_signaltap_impl:sld_signaltap_body|sld_signaltap_implb:sld_signaltap_body|sld_ela_control:ela_control|sld_ela_basic_multi_level_trigger:\basic_multi_level_mbpm_trigger_gen:multi_level_mbpm|sld_mbpmg:\trigger_modules_gen:0:trigger_match|sld_sbpmg:\gen_sbpmg_pipeline_less_than_two:sm0:144:sm1      ; sld_sbpmg                         ; work         ;
;                      |sld_sbpmg:\gen_sbpmg_pipeline_less_than_two:sm0:145:sm1|                                                          ; 1 (1)               ; 2 (2)                     ; 0                 ; 0          ; 0    ; 0            ; |lab6_top|sld_signaltap:auto_signaltap_0|sld_signaltap_impl:sld_signaltap_body|sld_signaltap_implb:sld_signaltap_body|sld_ela_control:ela_control|sld_ela_basic_multi_level_trigger:\basic_multi_level_mbpm_trigger_gen:multi_level_mbpm|sld_mbpmg:\trigger_modules_gen:0:trigger_match|sld_sbpmg:\gen_sbpmg_pipeline_less_than_two:sm0:145:sm1      ; sld_sbpmg                         ; work         ;
;                      |sld_sbpmg:\gen_sbpmg_pipeline_less_than_two:sm0:146:sm1|                                                          ; 1 (1)               ; 2 (2)                     ; 0                 ; 0          ; 0    ; 0            ; |lab6_top|sld_signaltap:auto_signaltap_0|sld_signaltap_impl:sld_signaltap_body|sld_signaltap_implb:sld_signaltap_body|sld_ela_control:ela_control|sld_ela_basic_multi_level_trigger:\basic_multi_level_mbpm_trigger_gen:multi_level_mbpm|sld_mbpmg:\trigger_modules_gen:0:trigger_match|sld_sbpmg:\gen_sbpmg_pipeline_less_than_two:sm0:146:sm1      ; sld_sbpmg                         ; work         ;
;                      |sld_sbpmg:\gen_sbpmg_pipeline_less_than_two:sm0:147:sm1|                                                          ; 1 (1)               ; 2 (2)                     ; 0                 ; 0          ; 0    ; 0            ; |lab6_top|sld_signaltap:auto_signaltap_0|sld_signaltap_impl:sld_signaltap_body|sld_signaltap_implb:sld_signaltap_body|sld_ela_control:ela_control|sld_ela_basic_multi_level_trigger:\basic_multi_level_mbpm_trigger_gen:multi_level_mbpm|sld_mbpmg:\trigger_modules_gen:0:trigger_match|sld_sbpmg:\gen_sbpmg_pipeline_less_than_two:sm0:147:sm1      ; sld_sbpmg                         ; work         ;
;                      |sld_sbpmg:\gen_sbpmg_pipeline_less_than_two:sm0:148:sm1|                                                          ; 1 (1)               ; 2 (2)                     ; 0                 ; 0          ; 0    ; 0            ; |lab6_top|sld_signaltap:auto_signaltap_0|sld_signaltap_impl:sld_signaltap_body|sld_signaltap_implb:sld_signaltap_body|sld_ela_control:ela_control|sld_ela_basic_multi_level_trigger:\basic_multi_level_mbpm_trigger_gen:multi_level_mbpm|sld_mbpmg:\trigger_modules_gen:0:trigger_match|sld_sbpmg:\gen_sbpmg_pipeline_less_than_two:sm0:148:sm1      ; sld_sbpmg                         ; work         ;
;                      |sld_sbpmg:\gen_sbpmg_pipeline_less_than_two:sm0:149:sm1|                                                          ; 1 (1)               ; 2 (2)                     ; 0                 ; 0          ; 0    ; 0            ; |lab6_top|sld_signaltap:auto_signaltap_0|sld_signaltap_impl:sld_signaltap_body|sld_signaltap_implb:sld_signaltap_body|sld_ela_control:ela_control|sld_ela_basic_multi_level_trigger:\basic_multi_level_mbpm_trigger_gen:multi_level_mbpm|sld_mbpmg:\trigger_modules_gen:0:trigger_match|sld_sbpmg:\gen_sbpmg_pipeline_less_than_two:sm0:149:sm1      ; sld_sbpmg                         ; work         ;
;                      |sld_sbpmg:\gen_sbpmg_pipeline_less_than_two:sm0:14:sm1|                                                           ; 1 (1)               ; 2 (2)                     ; 0                 ; 0          ; 0    ; 0            ; |lab6_top|sld_signaltap:auto_signaltap_0|sld_signaltap_impl:sld_signaltap_body|sld_signaltap_implb:sld_signaltap_body|sld_ela_control:ela_control|sld_ela_basic_multi_level_trigger:\basic_multi_level_mbpm_trigger_gen:multi_level_mbpm|sld_mbpmg:\trigger_modules_gen:0:trigger_match|sld_sbpmg:\gen_sbpmg_pipeline_less_than_two:sm0:14:sm1       ; sld_sbpmg                         ; work         ;
;                      |sld_sbpmg:\gen_sbpmg_pipeline_less_than_two:sm0:150:sm1|                                                          ; 1 (1)               ; 2 (2)                     ; 0                 ; 0          ; 0    ; 0            ; |lab6_top|sld_signaltap:auto_signaltap_0|sld_signaltap_impl:sld_signaltap_body|sld_signaltap_implb:sld_signaltap_body|sld_ela_control:ela_control|sld_ela_basic_multi_level_trigger:\basic_multi_level_mbpm_trigger_gen:multi_level_mbpm|sld_mbpmg:\trigger_modules_gen:0:trigger_match|sld_sbpmg:\gen_sbpmg_pipeline_less_than_two:sm0:150:sm1      ; sld_sbpmg                         ; work         ;
;                      |sld_sbpmg:\gen_sbpmg_pipeline_less_than_two:sm0:151:sm1|                                                          ; 1 (1)               ; 2 (2)                     ; 0                 ; 0          ; 0    ; 0            ; |lab6_top|sld_signaltap:auto_signaltap_0|sld_signaltap_impl:sld_signaltap_body|sld_signaltap_implb:sld_signaltap_body|sld_ela_control:ela_control|sld_ela_basic_multi_level_trigger:\basic_multi_level_mbpm_trigger_gen:multi_level_mbpm|sld_mbpmg:\trigger_modules_gen:0:trigger_match|sld_sbpmg:\gen_sbpmg_pipeline_less_than_two:sm0:151:sm1      ; sld_sbpmg                         ; work         ;
;                      |sld_sbpmg:\gen_sbpmg_pipeline_less_than_two:sm0:152:sm1|                                                          ; 1 (1)               ; 2 (2)                     ; 0                 ; 0          ; 0    ; 0            ; |lab6_top|sld_signaltap:auto_signaltap_0|sld_signaltap_impl:sld_signaltap_body|sld_signaltap_implb:sld_signaltap_body|sld_ela_control:ela_control|sld_ela_basic_multi_level_trigger:\basic_multi_level_mbpm_trigger_gen:multi_level_mbpm|sld_mbpmg:\trigger_modules_gen:0:trigger_match|sld_sbpmg:\gen_sbpmg_pipeline_less_than_two:sm0:152:sm1      ; sld_sbpmg                         ; work         ;
;                      |sld_sbpmg:\gen_sbpmg_pipeline_less_than_two:sm0:153:sm1|                                                          ; 1 (1)               ; 2 (2)                     ; 0                 ; 0          ; 0    ; 0            ; |lab6_top|sld_signaltap:auto_signaltap_0|sld_signaltap_impl:sld_signaltap_body|sld_signaltap_implb:sld_signaltap_body|sld_ela_control:ela_control|sld_ela_basic_multi_level_trigger:\basic_multi_level_mbpm_trigger_gen:multi_level_mbpm|sld_mbpmg:\trigger_modules_gen:0:trigger_match|sld_sbpmg:\gen_sbpmg_pipeline_less_than_two:sm0:153:sm1      ; sld_sbpmg                         ; work         ;
;                      |sld_sbpmg:\gen_sbpmg_pipeline_less_than_two:sm0:154:sm1|                                                          ; 1 (1)               ; 2 (2)                     ; 0                 ; 0          ; 0    ; 0            ; |lab6_top|sld_signaltap:auto_signaltap_0|sld_signaltap_impl:sld_signaltap_body|sld_signaltap_implb:sld_signaltap_body|sld_ela_control:ela_control|sld_ela_basic_multi_level_trigger:\basic_multi_level_mbpm_trigger_gen:multi_level_mbpm|sld_mbpmg:\trigger_modules_gen:0:trigger_match|sld_sbpmg:\gen_sbpmg_pipeline_less_than_two:sm0:154:sm1      ; sld_sbpmg                         ; work         ;
;                      |sld_sbpmg:\gen_sbpmg_pipeline_less_than_two:sm0:155:sm1|                                                          ; 1 (1)               ; 2 (2)                     ; 0                 ; 0          ; 0    ; 0            ; |lab6_top|sld_signaltap:auto_signaltap_0|sld_signaltap_impl:sld_signaltap_body|sld_signaltap_implb:sld_signaltap_body|sld_ela_control:ela_control|sld_ela_basic_multi_level_trigger:\basic_multi_level_mbpm_trigger_gen:multi_level_mbpm|sld_mbpmg:\trigger_modules_gen:0:trigger_match|sld_sbpmg:\gen_sbpmg_pipeline_less_than_two:sm0:155:sm1      ; sld_sbpmg                         ; work         ;
;                      |sld_sbpmg:\gen_sbpmg_pipeline_less_than_two:sm0:156:sm1|                                                          ; 1 (1)               ; 2 (2)                     ; 0                 ; 0          ; 0    ; 0            ; |lab6_top|sld_signaltap:auto_signaltap_0|sld_signaltap_impl:sld_signaltap_body|sld_signaltap_implb:sld_signaltap_body|sld_ela_control:ela_control|sld_ela_basic_multi_level_trigger:\basic_multi_level_mbpm_trigger_gen:multi_level_mbpm|sld_mbpmg:\trigger_modules_gen:0:trigger_match|sld_sbpmg:\gen_sbpmg_pipeline_less_than_two:sm0:156:sm1      ; sld_sbpmg                         ; work         ;
;                      |sld_sbpmg:\gen_sbpmg_pipeline_less_than_two:sm0:15:sm1|                                                           ; 1 (1)               ; 2 (2)                     ; 0                 ; 0          ; 0    ; 0            ; |lab6_top|sld_signaltap:auto_signaltap_0|sld_signaltap_impl:sld_signaltap_body|sld_signaltap_implb:sld_signaltap_body|sld_ela_control:ela_control|sld_ela_basic_multi_level_trigger:\basic_multi_level_mbpm_trigger_gen:multi_level_mbpm|sld_mbpmg:\trigger_modules_gen:0:trigger_match|sld_sbpmg:\gen_sbpmg_pipeline_less_than_two:sm0:15:sm1       ; sld_sbpmg                         ; work         ;
;                      |sld_sbpmg:\gen_sbpmg_pipeline_less_than_two:sm0:16:sm1|                                                           ; 1 (1)               ; 2 (2)                     ; 0                 ; 0          ; 0    ; 0            ; |lab6_top|sld_signaltap:auto_signaltap_0|sld_signaltap_impl:sld_signaltap_body|sld_signaltap_implb:sld_signaltap_body|sld_ela_control:ela_control|sld_ela_basic_multi_level_trigger:\basic_multi_level_mbpm_trigger_gen:multi_level_mbpm|sld_mbpmg:\trigger_modules_gen:0:trigger_match|sld_sbpmg:\gen_sbpmg_pipeline_less_than_two:sm0:16:sm1       ; sld_sbpmg                         ; work         ;
;                      |sld_sbpmg:\gen_sbpmg_pipeline_less_than_two:sm0:17:sm1|                                                           ; 1 (1)               ; 2 (2)                     ; 0                 ; 0          ; 0    ; 0            ; |lab6_top|sld_signaltap:auto_signaltap_0|sld_signaltap_impl:sld_signaltap_body|sld_signaltap_implb:sld_signaltap_body|sld_ela_control:ela_control|sld_ela_basic_multi_level_trigger:\basic_multi_level_mbpm_trigger_gen:multi_level_mbpm|sld_mbpmg:\trigger_modules_gen:0:trigger_match|sld_sbpmg:\gen_sbpmg_pipeline_less_than_two:sm0:17:sm1       ; sld_sbpmg                         ; work         ;
;                      |sld_sbpmg:\gen_sbpmg_pipeline_less_than_two:sm0:18:sm1|                                                           ; 1 (1)               ; 2 (2)                     ; 0                 ; 0          ; 0    ; 0            ; |lab6_top|sld_signaltap:auto_signaltap_0|sld_signaltap_impl:sld_signaltap_body|sld_signaltap_implb:sld_signaltap_body|sld_ela_control:ela_control|sld_ela_basic_multi_level_trigger:\basic_multi_level_mbpm_trigger_gen:multi_level_mbpm|sld_mbpmg:\trigger_modules_gen:0:trigger_match|sld_sbpmg:\gen_sbpmg_pipeline_less_than_two:sm0:18:sm1       ; sld_sbpmg                         ; work         ;
;                      |sld_sbpmg:\gen_sbpmg_pipeline_less_than_two:sm0:19:sm1|                                                           ; 1 (1)               ; 2 (2)                     ; 0                 ; 0          ; 0    ; 0            ; |lab6_top|sld_signaltap:auto_signaltap_0|sld_signaltap_impl:sld_signaltap_body|sld_signaltap_implb:sld_signaltap_body|sld_ela_control:ela_control|sld_ela_basic_multi_level_trigger:\basic_multi_level_mbpm_trigger_gen:multi_level_mbpm|sld_mbpmg:\trigger_modules_gen:0:trigger_match|sld_sbpmg:\gen_sbpmg_pipeline_less_than_two:sm0:19:sm1       ; sld_sbpmg                         ; work         ;
;                      |sld_sbpmg:\gen_sbpmg_pipeline_less_than_two:sm0:1:sm1|                                                            ; 1 (1)               ; 2 (2)                     ; 0                 ; 0          ; 0    ; 0            ; |lab6_top|sld_signaltap:auto_signaltap_0|sld_signaltap_impl:sld_signaltap_body|sld_signaltap_implb:sld_signaltap_body|sld_ela_control:ela_control|sld_ela_basic_multi_level_trigger:\basic_multi_level_mbpm_trigger_gen:multi_level_mbpm|sld_mbpmg:\trigger_modules_gen:0:trigger_match|sld_sbpmg:\gen_sbpmg_pipeline_less_than_two:sm0:1:sm1        ; sld_sbpmg                         ; work         ;
;                      |sld_sbpmg:\gen_sbpmg_pipeline_less_than_two:sm0:20:sm1|                                                           ; 1 (1)               ; 2 (2)                     ; 0                 ; 0          ; 0    ; 0            ; |lab6_top|sld_signaltap:auto_signaltap_0|sld_signaltap_impl:sld_signaltap_body|sld_signaltap_implb:sld_signaltap_body|sld_ela_control:ela_control|sld_ela_basic_multi_level_trigger:\basic_multi_level_mbpm_trigger_gen:multi_level_mbpm|sld_mbpmg:\trigger_modules_gen:0:trigger_match|sld_sbpmg:\gen_sbpmg_pipeline_less_than_two:sm0:20:sm1       ; sld_sbpmg                         ; work         ;
;                      |sld_sbpmg:\gen_sbpmg_pipeline_less_than_two:sm0:21:sm1|                                                           ; 1 (1)               ; 2 (2)                     ; 0                 ; 0          ; 0    ; 0            ; |lab6_top|sld_signaltap:auto_signaltap_0|sld_signaltap_impl:sld_signaltap_body|sld_signaltap_implb:sld_signaltap_body|sld_ela_control:ela_control|sld_ela_basic_multi_level_trigger:\basic_multi_level_mbpm_trigger_gen:multi_level_mbpm|sld_mbpmg:\trigger_modules_gen:0:trigger_match|sld_sbpmg:\gen_sbpmg_pipeline_less_than_two:sm0:21:sm1       ; sld_sbpmg                         ; work         ;
;                      |sld_sbpmg:\gen_sbpmg_pipeline_less_than_two:sm0:22:sm1|                                                           ; 1 (1)               ; 2 (2)                     ; 0                 ; 0          ; 0    ; 0            ; |lab6_top|sld_signaltap:auto_signaltap_0|sld_signaltap_impl:sld_signaltap_body|sld_signaltap_implb:sld_signaltap_body|sld_ela_control:ela_control|sld_ela_basic_multi_level_trigger:\basic_multi_level_mbpm_trigger_gen:multi_level_mbpm|sld_mbpmg:\trigger_modules_gen:0:trigger_match|sld_sbpmg:\gen_sbpmg_pipeline_less_than_two:sm0:22:sm1       ; sld_sbpmg                         ; work         ;
;                      |sld_sbpmg:\gen_sbpmg_pipeline_less_than_two:sm0:23:sm1|                                                           ; 1 (1)               ; 2 (2)                     ; 0                 ; 0          ; 0    ; 0            ; |lab6_top|sld_signaltap:auto_signaltap_0|sld_signaltap_impl:sld_signaltap_body|sld_signaltap_implb:sld_signaltap_body|sld_ela_control:ela_control|sld_ela_basic_multi_level_trigger:\basic_multi_level_mbpm_trigger_gen:multi_level_mbpm|sld_mbpmg:\trigger_modules_gen:0:trigger_match|sld_sbpmg:\gen_sbpmg_pipeline_less_than_two:sm0:23:sm1       ; sld_sbpmg                         ; work         ;
;                      |sld_sbpmg:\gen_sbpmg_pipeline_less_than_two:sm0:24:sm1|                                                           ; 1 (1)               ; 2 (2)                     ; 0                 ; 0          ; 0    ; 0            ; |lab6_top|sld_signaltap:auto_signaltap_0|sld_signaltap_impl:sld_signaltap_body|sld_signaltap_implb:sld_signaltap_body|sld_ela_control:ela_control|sld_ela_basic_multi_level_trigger:\basic_multi_level_mbpm_trigger_gen:multi_level_mbpm|sld_mbpmg:\trigger_modules_gen:0:trigger_match|sld_sbpmg:\gen_sbpmg_pipeline_less_than_two:sm0:24:sm1       ; sld_sbpmg                         ; work         ;
;                      |sld_sbpmg:\gen_sbpmg_pipeline_less_than_two:sm0:25:sm1|                                                           ; 1 (1)               ; 2 (2)                     ; 0                 ; 0          ; 0    ; 0            ; |lab6_top|sld_signaltap:auto_signaltap_0|sld_signaltap_impl:sld_signaltap_body|sld_signaltap_implb:sld_signaltap_body|sld_ela_control:ela_control|sld_ela_basic_multi_level_trigger:\basic_multi_level_mbpm_trigger_gen:multi_level_mbpm|sld_mbpmg:\trigger_modules_gen:0:trigger_match|sld_sbpmg:\gen_sbpmg_pipeline_less_than_two:sm0:25:sm1       ; sld_sbpmg                         ; work         ;
;                      |sld_sbpmg:\gen_sbpmg_pipeline_less_than_two:sm0:26:sm1|                                                           ; 1 (1)               ; 2 (2)                     ; 0                 ; 0          ; 0    ; 0            ; |lab6_top|sld_signaltap:auto_signaltap_0|sld_signaltap_impl:sld_signaltap_body|sld_signaltap_implb:sld_signaltap_body|sld_ela_control:ela_control|sld_ela_basic_multi_level_trigger:\basic_multi_level_mbpm_trigger_gen:multi_level_mbpm|sld_mbpmg:\trigger_modules_gen:0:trigger_match|sld_sbpmg:\gen_sbpmg_pipeline_less_than_two:sm0:26:sm1       ; sld_sbpmg                         ; work         ;
;                      |sld_sbpmg:\gen_sbpmg_pipeline_less_than_two:sm0:27:sm1|                                                           ; 1 (1)               ; 2 (2)                     ; 0                 ; 0          ; 0    ; 0            ; |lab6_top|sld_signaltap:auto_signaltap_0|sld_signaltap_impl:sld_signaltap_body|sld_signaltap_implb:sld_signaltap_body|sld_ela_control:ela_control|sld_ela_basic_multi_level_trigger:\basic_multi_level_mbpm_trigger_gen:multi_level_mbpm|sld_mbpmg:\trigger_modules_gen:0:trigger_match|sld_sbpmg:\gen_sbpmg_pipeline_less_than_two:sm0:27:sm1       ; sld_sbpmg                         ; work         ;
;                      |sld_sbpmg:\gen_sbpmg_pipeline_less_than_two:sm0:28:sm1|                                                           ; 1 (1)               ; 2 (2)                     ; 0                 ; 0          ; 0    ; 0            ; |lab6_top|sld_signaltap:auto_signaltap_0|sld_signaltap_impl:sld_signaltap_body|sld_signaltap_implb:sld_signaltap_body|sld_ela_control:ela_control|sld_ela_basic_multi_level_trigger:\basic_multi_level_mbpm_trigger_gen:multi_level_mbpm|sld_mbpmg:\trigger_modules_gen:0:trigger_match|sld_sbpmg:\gen_sbpmg_pipeline_less_than_two:sm0:28:sm1       ; sld_sbpmg                         ; work         ;
;                      |sld_sbpmg:\gen_sbpmg_pipeline_less_than_two:sm0:29:sm1|                                                           ; 1 (1)               ; 2 (2)                     ; 0                 ; 0          ; 0    ; 0            ; |lab6_top|sld_signaltap:auto_signaltap_0|sld_signaltap_impl:sld_signaltap_body|sld_signaltap_implb:sld_signaltap_body|sld_ela_control:ela_control|sld_ela_basic_multi_level_trigger:\basic_multi_level_mbpm_trigger_gen:multi_level_mbpm|sld_mbpmg:\trigger_modules_gen:0:trigger_match|sld_sbpmg:\gen_sbpmg_pipeline_less_than_two:sm0:29:sm1       ; sld_sbpmg                         ; work         ;
;                      |sld_sbpmg:\gen_sbpmg_pipeline_less_than_two:sm0:2:sm1|                                                            ; 1 (1)               ; 2 (2)                     ; 0                 ; 0          ; 0    ; 0            ; |lab6_top|sld_signaltap:auto_signaltap_0|sld_signaltap_impl:sld_signaltap_body|sld_signaltap_implb:sld_signaltap_body|sld_ela_control:ela_control|sld_ela_basic_multi_level_trigger:\basic_multi_level_mbpm_trigger_gen:multi_level_mbpm|sld_mbpmg:\trigger_modules_gen:0:trigger_match|sld_sbpmg:\gen_sbpmg_pipeline_less_than_two:sm0:2:sm1        ; sld_sbpmg                         ; work         ;
;                      |sld_sbpmg:\gen_sbpmg_pipeline_less_than_two:sm0:30:sm1|                                                           ; 1 (1)               ; 2 (2)                     ; 0                 ; 0          ; 0    ; 0            ; |lab6_top|sld_signaltap:auto_signaltap_0|sld_signaltap_impl:sld_signaltap_body|sld_signaltap_implb:sld_signaltap_body|sld_ela_control:ela_control|sld_ela_basic_multi_level_trigger:\basic_multi_level_mbpm_trigger_gen:multi_level_mbpm|sld_mbpmg:\trigger_modules_gen:0:trigger_match|sld_sbpmg:\gen_sbpmg_pipeline_less_than_two:sm0:30:sm1       ; sld_sbpmg                         ; work         ;
;                      |sld_sbpmg:\gen_sbpmg_pipeline_less_than_two:sm0:31:sm1|                                                           ; 1 (1)               ; 2 (2)                     ; 0                 ; 0          ; 0    ; 0            ; |lab6_top|sld_signaltap:auto_signaltap_0|sld_signaltap_impl:sld_signaltap_body|sld_signaltap_implb:sld_signaltap_body|sld_ela_control:ela_control|sld_ela_basic_multi_level_trigger:\basic_multi_level_mbpm_trigger_gen:multi_level_mbpm|sld_mbpmg:\trigger_modules_gen:0:trigger_match|sld_sbpmg:\gen_sbpmg_pipeline_less_than_two:sm0:31:sm1       ; sld_sbpmg                         ; work         ;
;                      |sld_sbpmg:\gen_sbpmg_pipeline_less_than_two:sm0:32:sm1|                                                           ; 1 (1)               ; 2 (2)                     ; 0                 ; 0          ; 0    ; 0            ; |lab6_top|sld_signaltap:auto_signaltap_0|sld_signaltap_impl:sld_signaltap_body|sld_signaltap_implb:sld_signaltap_body|sld_ela_control:ela_control|sld_ela_basic_multi_level_trigger:\basic_multi_level_mbpm_trigger_gen:multi_level_mbpm|sld_mbpmg:\trigger_modules_gen:0:trigger_match|sld_sbpmg:\gen_sbpmg_pipeline_less_than_two:sm0:32:sm1       ; sld_sbpmg                         ; work         ;
;                      |sld_sbpmg:\gen_sbpmg_pipeline_less_than_two:sm0:33:sm1|                                                           ; 1 (1)               ; 2 (2)                     ; 0                 ; 0          ; 0    ; 0            ; |lab6_top|sld_signaltap:auto_signaltap_0|sld_signaltap_impl:sld_signaltap_body|sld_signaltap_implb:sld_signaltap_body|sld_ela_control:ela_control|sld_ela_basic_multi_level_trigger:\basic_multi_level_mbpm_trigger_gen:multi_level_mbpm|sld_mbpmg:\trigger_modules_gen:0:trigger_match|sld_sbpmg:\gen_sbpmg_pipeline_less_than_two:sm0:33:sm1       ; sld_sbpmg                         ; work         ;
;                      |sld_sbpmg:\gen_sbpmg_pipeline_less_than_two:sm0:34:sm1|                                                           ; 1 (1)               ; 2 (2)                     ; 0                 ; 0          ; 0    ; 0            ; |lab6_top|sld_signaltap:auto_signaltap_0|sld_signaltap_impl:sld_signaltap_body|sld_signaltap_implb:sld_signaltap_body|sld_ela_control:ela_control|sld_ela_basic_multi_level_trigger:\basic_multi_level_mbpm_trigger_gen:multi_level_mbpm|sld_mbpmg:\trigger_modules_gen:0:trigger_match|sld_sbpmg:\gen_sbpmg_pipeline_less_than_two:sm0:34:sm1       ; sld_sbpmg                         ; work         ;
;                      |sld_sbpmg:\gen_sbpmg_pipeline_less_than_two:sm0:35:sm1|                                                           ; 1 (1)               ; 2 (2)                     ; 0                 ; 0          ; 0    ; 0            ; |lab6_top|sld_signaltap:auto_signaltap_0|sld_signaltap_impl:sld_signaltap_body|sld_signaltap_implb:sld_signaltap_body|sld_ela_control:ela_control|sld_ela_basic_multi_level_trigger:\basic_multi_level_mbpm_trigger_gen:multi_level_mbpm|sld_mbpmg:\trigger_modules_gen:0:trigger_match|sld_sbpmg:\gen_sbpmg_pipeline_less_than_two:sm0:35:sm1       ; sld_sbpmg                         ; work         ;
;                      |sld_sbpmg:\gen_sbpmg_pipeline_less_than_two:sm0:36:sm1|                                                           ; 1 (1)               ; 2 (2)                     ; 0                 ; 0          ; 0    ; 0            ; |lab6_top|sld_signaltap:auto_signaltap_0|sld_signaltap_impl:sld_signaltap_body|sld_signaltap_implb:sld_signaltap_body|sld_ela_control:ela_control|sld_ela_basic_multi_level_trigger:\basic_multi_level_mbpm_trigger_gen:multi_level_mbpm|sld_mbpmg:\trigger_modules_gen:0:trigger_match|sld_sbpmg:\gen_sbpmg_pipeline_less_than_two:sm0:36:sm1       ; sld_sbpmg                         ; work         ;
;                      |sld_sbpmg:\gen_sbpmg_pipeline_less_than_two:sm0:37:sm1|                                                           ; 1 (1)               ; 2 (2)                     ; 0                 ; 0          ; 0    ; 0            ; |lab6_top|sld_signaltap:auto_signaltap_0|sld_signaltap_impl:sld_signaltap_body|sld_signaltap_implb:sld_signaltap_body|sld_ela_control:ela_control|sld_ela_basic_multi_level_trigger:\basic_multi_level_mbpm_trigger_gen:multi_level_mbpm|sld_mbpmg:\trigger_modules_gen:0:trigger_match|sld_sbpmg:\gen_sbpmg_pipeline_less_than_two:sm0:37:sm1       ; sld_sbpmg                         ; work         ;
;                      |sld_sbpmg:\gen_sbpmg_pipeline_less_than_two:sm0:38:sm1|                                                           ; 1 (1)               ; 2 (2)                     ; 0                 ; 0          ; 0    ; 0            ; |lab6_top|sld_signaltap:auto_signaltap_0|sld_signaltap_impl:sld_signaltap_body|sld_signaltap_implb:sld_signaltap_body|sld_ela_control:ela_control|sld_ela_basic_multi_level_trigger:\basic_multi_level_mbpm_trigger_gen:multi_level_mbpm|sld_mbpmg:\trigger_modules_gen:0:trigger_match|sld_sbpmg:\gen_sbpmg_pipeline_less_than_two:sm0:38:sm1       ; sld_sbpmg                         ; work         ;
;                      |sld_sbpmg:\gen_sbpmg_pipeline_less_than_two:sm0:39:sm1|                                                           ; 1 (1)               ; 2 (2)                     ; 0                 ; 0          ; 0    ; 0            ; |lab6_top|sld_signaltap:auto_signaltap_0|sld_signaltap_impl:sld_signaltap_body|sld_signaltap_implb:sld_signaltap_body|sld_ela_control:ela_control|sld_ela_basic_multi_level_trigger:\basic_multi_level_mbpm_trigger_gen:multi_level_mbpm|sld_mbpmg:\trigger_modules_gen:0:trigger_match|sld_sbpmg:\gen_sbpmg_pipeline_less_than_two:sm0:39:sm1       ; sld_sbpmg                         ; work         ;
;                      |sld_sbpmg:\gen_sbpmg_pipeline_less_than_two:sm0:3:sm1|                                                            ; 1 (1)               ; 2 (2)                     ; 0                 ; 0          ; 0    ; 0            ; |lab6_top|sld_signaltap:auto_signaltap_0|sld_signaltap_impl:sld_signaltap_body|sld_signaltap_implb:sld_signaltap_body|sld_ela_control:ela_control|sld_ela_basic_multi_level_trigger:\basic_multi_level_mbpm_trigger_gen:multi_level_mbpm|sld_mbpmg:\trigger_modules_gen:0:trigger_match|sld_sbpmg:\gen_sbpmg_pipeline_less_than_two:sm0:3:sm1        ; sld_sbpmg                         ; work         ;
;                      |sld_sbpmg:\gen_sbpmg_pipeline_less_than_two:sm0:40:sm1|                                                           ; 1 (1)               ; 2 (2)                     ; 0                 ; 0          ; 0    ; 0            ; |lab6_top|sld_signaltap:auto_signaltap_0|sld_signaltap_impl:sld_signaltap_body|sld_signaltap_implb:sld_signaltap_body|sld_ela_control:ela_control|sld_ela_basic_multi_level_trigger:\basic_multi_level_mbpm_trigger_gen:multi_level_mbpm|sld_mbpmg:\trigger_modules_gen:0:trigger_match|sld_sbpmg:\gen_sbpmg_pipeline_less_than_two:sm0:40:sm1       ; sld_sbpmg                         ; work         ;
;                      |sld_sbpmg:\gen_sbpmg_pipeline_less_than_two:sm0:41:sm1|                                                           ; 1 (1)               ; 2 (2)                     ; 0                 ; 0          ; 0    ; 0            ; |lab6_top|sld_signaltap:auto_signaltap_0|sld_signaltap_impl:sld_signaltap_body|sld_signaltap_implb:sld_signaltap_body|sld_ela_control:ela_control|sld_ela_basic_multi_level_trigger:\basic_multi_level_mbpm_trigger_gen:multi_level_mbpm|sld_mbpmg:\trigger_modules_gen:0:trigger_match|sld_sbpmg:\gen_sbpmg_pipeline_less_than_two:sm0:41:sm1       ; sld_sbpmg                         ; work         ;
;                      |sld_sbpmg:\gen_sbpmg_pipeline_less_than_two:sm0:42:sm1|                                                           ; 1 (1)               ; 2 (2)                     ; 0                 ; 0          ; 0    ; 0            ; |lab6_top|sld_signaltap:auto_signaltap_0|sld_signaltap_impl:sld_signaltap_body|sld_signaltap_implb:sld_signaltap_body|sld_ela_control:ela_control|sld_ela_basic_multi_level_trigger:\basic_multi_level_mbpm_trigger_gen:multi_level_mbpm|sld_mbpmg:\trigger_modules_gen:0:trigger_match|sld_sbpmg:\gen_sbpmg_pipeline_less_than_two:sm0:42:sm1       ; sld_sbpmg                         ; work         ;
;                      |sld_sbpmg:\gen_sbpmg_pipeline_less_than_two:sm0:43:sm1|                                                           ; 1 (1)               ; 2 (2)                     ; 0                 ; 0          ; 0    ; 0            ; |lab6_top|sld_signaltap:auto_signaltap_0|sld_signaltap_impl:sld_signaltap_body|sld_signaltap_implb:sld_signaltap_body|sld_ela_control:ela_control|sld_ela_basic_multi_level_trigger:\basic_multi_level_mbpm_trigger_gen:multi_level_mbpm|sld_mbpmg:\trigger_modules_gen:0:trigger_match|sld_sbpmg:\gen_sbpmg_pipeline_less_than_two:sm0:43:sm1       ; sld_sbpmg                         ; work         ;
;                      |sld_sbpmg:\gen_sbpmg_pipeline_less_than_two:sm0:44:sm1|                                                           ; 1 (1)               ; 2 (2)                     ; 0                 ; 0          ; 0    ; 0            ; |lab6_top|sld_signaltap:auto_signaltap_0|sld_signaltap_impl:sld_signaltap_body|sld_signaltap_implb:sld_signaltap_body|sld_ela_control:ela_control|sld_ela_basic_multi_level_trigger:\basic_multi_level_mbpm_trigger_gen:multi_level_mbpm|sld_mbpmg:\trigger_modules_gen:0:trigger_match|sld_sbpmg:\gen_sbpmg_pipeline_less_than_two:sm0:44:sm1       ; sld_sbpmg                         ; work         ;
;                      |sld_sbpmg:\gen_sbpmg_pipeline_less_than_two:sm0:45:sm1|                                                           ; 1 (1)               ; 2 (2)                     ; 0                 ; 0          ; 0    ; 0            ; |lab6_top|sld_signaltap:auto_signaltap_0|sld_signaltap_impl:sld_signaltap_body|sld_signaltap_implb:sld_signaltap_body|sld_ela_control:ela_control|sld_ela_basic_multi_level_trigger:\basic_multi_level_mbpm_trigger_gen:multi_level_mbpm|sld_mbpmg:\trigger_modules_gen:0:trigger_match|sld_sbpmg:\gen_sbpmg_pipeline_less_than_two:sm0:45:sm1       ; sld_sbpmg                         ; work         ;
;                      |sld_sbpmg:\gen_sbpmg_pipeline_less_than_two:sm0:46:sm1|                                                           ; 1 (1)               ; 2 (2)                     ; 0                 ; 0          ; 0    ; 0            ; |lab6_top|sld_signaltap:auto_signaltap_0|sld_signaltap_impl:sld_signaltap_body|sld_signaltap_implb:sld_signaltap_body|sld_ela_control:ela_control|sld_ela_basic_multi_level_trigger:\basic_multi_level_mbpm_trigger_gen:multi_level_mbpm|sld_mbpmg:\trigger_modules_gen:0:trigger_match|sld_sbpmg:\gen_sbpmg_pipeline_less_than_two:sm0:46:sm1       ; sld_sbpmg                         ; work         ;
;                      |sld_sbpmg:\gen_sbpmg_pipeline_less_than_two:sm0:47:sm1|                                                           ; 1 (1)               ; 2 (2)                     ; 0                 ; 0          ; 0    ; 0            ; |lab6_top|sld_signaltap:auto_signaltap_0|sld_signaltap_impl:sld_signaltap_body|sld_signaltap_implb:sld_signaltap_body|sld_ela_control:ela_control|sld_ela_basic_multi_level_trigger:\basic_multi_level_mbpm_trigger_gen:multi_level_mbpm|sld_mbpmg:\trigger_modules_gen:0:trigger_match|sld_sbpmg:\gen_sbpmg_pipeline_less_than_two:sm0:47:sm1       ; sld_sbpmg                         ; work         ;
;                      |sld_sbpmg:\gen_sbpmg_pipeline_less_than_two:sm0:48:sm1|                                                           ; 1 (1)               ; 2 (2)                     ; 0                 ; 0          ; 0    ; 0            ; |lab6_top|sld_signaltap:auto_signaltap_0|sld_signaltap_impl:sld_signaltap_body|sld_signaltap_implb:sld_signaltap_body|sld_ela_control:ela_control|sld_ela_basic_multi_level_trigger:\basic_multi_level_mbpm_trigger_gen:multi_level_mbpm|sld_mbpmg:\trigger_modules_gen:0:trigger_match|sld_sbpmg:\gen_sbpmg_pipeline_less_than_two:sm0:48:sm1       ; sld_sbpmg                         ; work         ;
;                      |sld_sbpmg:\gen_sbpmg_pipeline_less_than_two:sm0:49:sm1|                                                           ; 1 (1)               ; 2 (2)                     ; 0                 ; 0          ; 0    ; 0            ; |lab6_top|sld_signaltap:auto_signaltap_0|sld_signaltap_impl:sld_signaltap_body|sld_signaltap_implb:sld_signaltap_body|sld_ela_control:ela_control|sld_ela_basic_multi_level_trigger:\basic_multi_level_mbpm_trigger_gen:multi_level_mbpm|sld_mbpmg:\trigger_modules_gen:0:trigger_match|sld_sbpmg:\gen_sbpmg_pipeline_less_than_two:sm0:49:sm1       ; sld_sbpmg                         ; work         ;
;                      |sld_sbpmg:\gen_sbpmg_pipeline_less_than_two:sm0:4:sm1|                                                            ; 1 (1)               ; 2 (2)                     ; 0                 ; 0          ; 0    ; 0            ; |lab6_top|sld_signaltap:auto_signaltap_0|sld_signaltap_impl:sld_signaltap_body|sld_signaltap_implb:sld_signaltap_body|sld_ela_control:ela_control|sld_ela_basic_multi_level_trigger:\basic_multi_level_mbpm_trigger_gen:multi_level_mbpm|sld_mbpmg:\trigger_modules_gen:0:trigger_match|sld_sbpmg:\gen_sbpmg_pipeline_less_than_two:sm0:4:sm1        ; sld_sbpmg                         ; work         ;
;                      |sld_sbpmg:\gen_sbpmg_pipeline_less_than_two:sm0:50:sm1|                                                           ; 1 (1)               ; 2 (2)                     ; 0                 ; 0          ; 0    ; 0            ; |lab6_top|sld_signaltap:auto_signaltap_0|sld_signaltap_impl:sld_signaltap_body|sld_signaltap_implb:sld_signaltap_body|sld_ela_control:ela_control|sld_ela_basic_multi_level_trigger:\basic_multi_level_mbpm_trigger_gen:multi_level_mbpm|sld_mbpmg:\trigger_modules_gen:0:trigger_match|sld_sbpmg:\gen_sbpmg_pipeline_less_than_two:sm0:50:sm1       ; sld_sbpmg                         ; work         ;
;                      |sld_sbpmg:\gen_sbpmg_pipeline_less_than_two:sm0:51:sm1|                                                           ; 1 (1)               ; 2 (2)                     ; 0                 ; 0          ; 0    ; 0            ; |lab6_top|sld_signaltap:auto_signaltap_0|sld_signaltap_impl:sld_signaltap_body|sld_signaltap_implb:sld_signaltap_body|sld_ela_control:ela_control|sld_ela_basic_multi_level_trigger:\basic_multi_level_mbpm_trigger_gen:multi_level_mbpm|sld_mbpmg:\trigger_modules_gen:0:trigger_match|sld_sbpmg:\gen_sbpmg_pipeline_less_than_two:sm0:51:sm1       ; sld_sbpmg                         ; work         ;
;                      |sld_sbpmg:\gen_sbpmg_pipeline_less_than_two:sm0:52:sm1|                                                           ; 1 (1)               ; 2 (2)                     ; 0                 ; 0          ; 0    ; 0            ; |lab6_top|sld_signaltap:auto_signaltap_0|sld_signaltap_impl:sld_signaltap_body|sld_signaltap_implb:sld_signaltap_body|sld_ela_control:ela_control|sld_ela_basic_multi_level_trigger:\basic_multi_level_mbpm_trigger_gen:multi_level_mbpm|sld_mbpmg:\trigger_modules_gen:0:trigger_match|sld_sbpmg:\gen_sbpmg_pipeline_less_than_two:sm0:52:sm1       ; sld_sbpmg                         ; work         ;
;                      |sld_sbpmg:\gen_sbpmg_pipeline_less_than_two:sm0:53:sm1|                                                           ; 1 (1)               ; 2 (2)                     ; 0                 ; 0          ; 0    ; 0            ; |lab6_top|sld_signaltap:auto_signaltap_0|sld_signaltap_impl:sld_signaltap_body|sld_signaltap_implb:sld_signaltap_body|sld_ela_control:ela_control|sld_ela_basic_multi_level_trigger:\basic_multi_level_mbpm_trigger_gen:multi_level_mbpm|sld_mbpmg:\trigger_modules_gen:0:trigger_match|sld_sbpmg:\gen_sbpmg_pipeline_less_than_two:sm0:53:sm1       ; sld_sbpmg                         ; work         ;
;                      |sld_sbpmg:\gen_sbpmg_pipeline_less_than_two:sm0:54:sm1|                                                           ; 1 (1)               ; 2 (2)                     ; 0                 ; 0          ; 0    ; 0            ; |lab6_top|sld_signaltap:auto_signaltap_0|sld_signaltap_impl:sld_signaltap_body|sld_signaltap_implb:sld_signaltap_body|sld_ela_control:ela_control|sld_ela_basic_multi_level_trigger:\basic_multi_level_mbpm_trigger_gen:multi_level_mbpm|sld_mbpmg:\trigger_modules_gen:0:trigger_match|sld_sbpmg:\gen_sbpmg_pipeline_less_than_two:sm0:54:sm1       ; sld_sbpmg                         ; work         ;
;                      |sld_sbpmg:\gen_sbpmg_pipeline_less_than_two:sm0:55:sm1|                                                           ; 1 (1)               ; 2 (2)                     ; 0                 ; 0          ; 0    ; 0            ; |lab6_top|sld_signaltap:auto_signaltap_0|sld_signaltap_impl:sld_signaltap_body|sld_signaltap_implb:sld_signaltap_body|sld_ela_control:ela_control|sld_ela_basic_multi_level_trigger:\basic_multi_level_mbpm_trigger_gen:multi_level_mbpm|sld_mbpmg:\trigger_modules_gen:0:trigger_match|sld_sbpmg:\gen_sbpmg_pipeline_less_than_two:sm0:55:sm1       ; sld_sbpmg                         ; work         ;
;                      |sld_sbpmg:\gen_sbpmg_pipeline_less_than_two:sm0:56:sm1|                                                           ; 1 (1)               ; 2 (2)                     ; 0                 ; 0          ; 0    ; 0            ; |lab6_top|sld_signaltap:auto_signaltap_0|sld_signaltap_impl:sld_signaltap_body|sld_signaltap_implb:sld_signaltap_body|sld_ela_control:ela_control|sld_ela_basic_multi_level_trigger:\basic_multi_level_mbpm_trigger_gen:multi_level_mbpm|sld_mbpmg:\trigger_modules_gen:0:trigger_match|sld_sbpmg:\gen_sbpmg_pipeline_less_than_two:sm0:56:sm1       ; sld_sbpmg                         ; work         ;
;                      |sld_sbpmg:\gen_sbpmg_pipeline_less_than_two:sm0:57:sm1|                                                           ; 1 (1)               ; 2 (2)                     ; 0                 ; 0          ; 0    ; 0            ; |lab6_top|sld_signaltap:auto_signaltap_0|sld_signaltap_impl:sld_signaltap_body|sld_signaltap_implb:sld_signaltap_body|sld_ela_control:ela_control|sld_ela_basic_multi_level_trigger:\basic_multi_level_mbpm_trigger_gen:multi_level_mbpm|sld_mbpmg:\trigger_modules_gen:0:trigger_match|sld_sbpmg:\gen_sbpmg_pipeline_less_than_two:sm0:57:sm1       ; sld_sbpmg                         ; work         ;
;                      |sld_sbpmg:\gen_sbpmg_pipeline_less_than_two:sm0:58:sm1|                                                           ; 1 (1)               ; 2 (2)                     ; 0                 ; 0          ; 0    ; 0            ; |lab6_top|sld_signaltap:auto_signaltap_0|sld_signaltap_impl:sld_signaltap_body|sld_signaltap_implb:sld_signaltap_body|sld_ela_control:ela_control|sld_ela_basic_multi_level_trigger:\basic_multi_level_mbpm_trigger_gen:multi_level_mbpm|sld_mbpmg:\trigger_modules_gen:0:trigger_match|sld_sbpmg:\gen_sbpmg_pipeline_less_than_two:sm0:58:sm1       ; sld_sbpmg                         ; work         ;
;                      |sld_sbpmg:\gen_sbpmg_pipeline_less_than_two:sm0:59:sm1|                                                           ; 1 (1)               ; 2 (2)                     ; 0                 ; 0          ; 0    ; 0            ; |lab6_top|sld_signaltap:auto_signaltap_0|sld_signaltap_impl:sld_signaltap_body|sld_signaltap_implb:sld_signaltap_body|sld_ela_control:ela_control|sld_ela_basic_multi_level_trigger:\basic_multi_level_mbpm_trigger_gen:multi_level_mbpm|sld_mbpmg:\trigger_modules_gen:0:trigger_match|sld_sbpmg:\gen_sbpmg_pipeline_less_than_two:sm0:59:sm1       ; sld_sbpmg                         ; work         ;
;                      |sld_sbpmg:\gen_sbpmg_pipeline_less_than_two:sm0:5:sm1|                                                            ; 1 (1)               ; 2 (2)                     ; 0                 ; 0          ; 0    ; 0            ; |lab6_top|sld_signaltap:auto_signaltap_0|sld_signaltap_impl:sld_signaltap_body|sld_signaltap_implb:sld_signaltap_body|sld_ela_control:ela_control|sld_ela_basic_multi_level_trigger:\basic_multi_level_mbpm_trigger_gen:multi_level_mbpm|sld_mbpmg:\trigger_modules_gen:0:trigger_match|sld_sbpmg:\gen_sbpmg_pipeline_less_than_two:sm0:5:sm1        ; sld_sbpmg                         ; work         ;
;                      |sld_sbpmg:\gen_sbpmg_pipeline_less_than_two:sm0:60:sm1|                                                           ; 1 (1)               ; 2 (2)                     ; 0                 ; 0          ; 0    ; 0            ; |lab6_top|sld_signaltap:auto_signaltap_0|sld_signaltap_impl:sld_signaltap_body|sld_signaltap_implb:sld_signaltap_body|sld_ela_control:ela_control|sld_ela_basic_multi_level_trigger:\basic_multi_level_mbpm_trigger_gen:multi_level_mbpm|sld_mbpmg:\trigger_modules_gen:0:trigger_match|sld_sbpmg:\gen_sbpmg_pipeline_less_than_two:sm0:60:sm1       ; sld_sbpmg                         ; work         ;
;                      |sld_sbpmg:\gen_sbpmg_pipeline_less_than_two:sm0:61:sm1|                                                           ; 1 (1)               ; 2 (2)                     ; 0                 ; 0          ; 0    ; 0            ; |lab6_top|sld_signaltap:auto_signaltap_0|sld_signaltap_impl:sld_signaltap_body|sld_signaltap_implb:sld_signaltap_body|sld_ela_control:ela_control|sld_ela_basic_multi_level_trigger:\basic_multi_level_mbpm_trigger_gen:multi_level_mbpm|sld_mbpmg:\trigger_modules_gen:0:trigger_match|sld_sbpmg:\gen_sbpmg_pipeline_less_than_two:sm0:61:sm1       ; sld_sbpmg                         ; work         ;
;                      |sld_sbpmg:\gen_sbpmg_pipeline_less_than_two:sm0:62:sm1|                                                           ; 1 (1)               ; 2 (2)                     ; 0                 ; 0          ; 0    ; 0            ; |lab6_top|sld_signaltap:auto_signaltap_0|sld_signaltap_impl:sld_signaltap_body|sld_signaltap_implb:sld_signaltap_body|sld_ela_control:ela_control|sld_ela_basic_multi_level_trigger:\basic_multi_level_mbpm_trigger_gen:multi_level_mbpm|sld_mbpmg:\trigger_modules_gen:0:trigger_match|sld_sbpmg:\gen_sbpmg_pipeline_less_than_two:sm0:62:sm1       ; sld_sbpmg                         ; work         ;
;                      |sld_sbpmg:\gen_sbpmg_pipeline_less_than_two:sm0:63:sm1|                                                           ; 1 (1)               ; 2 (2)                     ; 0                 ; 0          ; 0    ; 0            ; |lab6_top|sld_signaltap:auto_signaltap_0|sld_signaltap_impl:sld_signaltap_body|sld_signaltap_implb:sld_signaltap_body|sld_ela_control:ela_control|sld_ela_basic_multi_level_trigger:\basic_multi_level_mbpm_trigger_gen:multi_level_mbpm|sld_mbpmg:\trigger_modules_gen:0:trigger_match|sld_sbpmg:\gen_sbpmg_pipeline_less_than_two:sm0:63:sm1       ; sld_sbpmg                         ; work         ;
;                      |sld_sbpmg:\gen_sbpmg_pipeline_less_than_two:sm0:64:sm1|                                                           ; 1 (1)               ; 2 (2)                     ; 0                 ; 0          ; 0    ; 0            ; |lab6_top|sld_signaltap:auto_signaltap_0|sld_signaltap_impl:sld_signaltap_body|sld_signaltap_implb:sld_signaltap_body|sld_ela_control:ela_control|sld_ela_basic_multi_level_trigger:\basic_multi_level_mbpm_trigger_gen:multi_level_mbpm|sld_mbpmg:\trigger_modules_gen:0:trigger_match|sld_sbpmg:\gen_sbpmg_pipeline_less_than_two:sm0:64:sm1       ; sld_sbpmg                         ; work         ;
;                      |sld_sbpmg:\gen_sbpmg_pipeline_less_than_two:sm0:65:sm1|                                                           ; 1 (1)               ; 2 (2)                     ; 0                 ; 0          ; 0    ; 0            ; |lab6_top|sld_signaltap:auto_signaltap_0|sld_signaltap_impl:sld_signaltap_body|sld_signaltap_implb:sld_signaltap_body|sld_ela_control:ela_control|sld_ela_basic_multi_level_trigger:\basic_multi_level_mbpm_trigger_gen:multi_level_mbpm|sld_mbpmg:\trigger_modules_gen:0:trigger_match|sld_sbpmg:\gen_sbpmg_pipeline_less_than_two:sm0:65:sm1       ; sld_sbpmg                         ; work         ;
;                      |sld_sbpmg:\gen_sbpmg_pipeline_less_than_two:sm0:66:sm1|                                                           ; 1 (1)               ; 2 (2)                     ; 0                 ; 0          ; 0    ; 0            ; |lab6_top|sld_signaltap:auto_signaltap_0|sld_signaltap_impl:sld_signaltap_body|sld_signaltap_implb:sld_signaltap_body|sld_ela_control:ela_control|sld_ela_basic_multi_level_trigger:\basic_multi_level_mbpm_trigger_gen:multi_level_mbpm|sld_mbpmg:\trigger_modules_gen:0:trigger_match|sld_sbpmg:\gen_sbpmg_pipeline_less_than_two:sm0:66:sm1       ; sld_sbpmg                         ; work         ;
;                      |sld_sbpmg:\gen_sbpmg_pipeline_less_than_two:sm0:67:sm1|                                                           ; 1 (1)               ; 2 (2)                     ; 0                 ; 0          ; 0    ; 0            ; |lab6_top|sld_signaltap:auto_signaltap_0|sld_signaltap_impl:sld_signaltap_body|sld_signaltap_implb:sld_signaltap_body|sld_ela_control:ela_control|sld_ela_basic_multi_level_trigger:\basic_multi_level_mbpm_trigger_gen:multi_level_mbpm|sld_mbpmg:\trigger_modules_gen:0:trigger_match|sld_sbpmg:\gen_sbpmg_pipeline_less_than_two:sm0:67:sm1       ; sld_sbpmg                         ; work         ;
;                      |sld_sbpmg:\gen_sbpmg_pipeline_less_than_two:sm0:68:sm1|                                                           ; 1 (1)               ; 2 (2)                     ; 0                 ; 0          ; 0    ; 0            ; |lab6_top|sld_signaltap:auto_signaltap_0|sld_signaltap_impl:sld_signaltap_body|sld_signaltap_implb:sld_signaltap_body|sld_ela_control:ela_control|sld_ela_basic_multi_level_trigger:\basic_multi_level_mbpm_trigger_gen:multi_level_mbpm|sld_mbpmg:\trigger_modules_gen:0:trigger_match|sld_sbpmg:\gen_sbpmg_pipeline_less_than_two:sm0:68:sm1       ; sld_sbpmg                         ; work         ;
;                      |sld_sbpmg:\gen_sbpmg_pipeline_less_than_two:sm0:69:sm1|                                                           ; 1 (1)               ; 2 (2)                     ; 0                 ; 0          ; 0    ; 0            ; |lab6_top|sld_signaltap:auto_signaltap_0|sld_signaltap_impl:sld_signaltap_body|sld_signaltap_implb:sld_signaltap_body|sld_ela_control:ela_control|sld_ela_basic_multi_level_trigger:\basic_multi_level_mbpm_trigger_gen:multi_level_mbpm|sld_mbpmg:\trigger_modules_gen:0:trigger_match|sld_sbpmg:\gen_sbpmg_pipeline_less_than_two:sm0:69:sm1       ; sld_sbpmg                         ; work         ;
;                      |sld_sbpmg:\gen_sbpmg_pipeline_less_than_two:sm0:6:sm1|                                                            ; 1 (1)               ; 2 (2)                     ; 0                 ; 0          ; 0    ; 0            ; |lab6_top|sld_signaltap:auto_signaltap_0|sld_signaltap_impl:sld_signaltap_body|sld_signaltap_implb:sld_signaltap_body|sld_ela_control:ela_control|sld_ela_basic_multi_level_trigger:\basic_multi_level_mbpm_trigger_gen:multi_level_mbpm|sld_mbpmg:\trigger_modules_gen:0:trigger_match|sld_sbpmg:\gen_sbpmg_pipeline_less_than_two:sm0:6:sm1        ; sld_sbpmg                         ; work         ;
;                      |sld_sbpmg:\gen_sbpmg_pipeline_less_than_two:sm0:70:sm1|                                                           ; 1 (1)               ; 2 (2)                     ; 0                 ; 0          ; 0    ; 0            ; |lab6_top|sld_signaltap:auto_signaltap_0|sld_signaltap_impl:sld_signaltap_body|sld_signaltap_implb:sld_signaltap_body|sld_ela_control:ela_control|sld_ela_basic_multi_level_trigger:\basic_multi_level_mbpm_trigger_gen:multi_level_mbpm|sld_mbpmg:\trigger_modules_gen:0:trigger_match|sld_sbpmg:\gen_sbpmg_pipeline_less_than_two:sm0:70:sm1       ; sld_sbpmg                         ; work         ;
;                      |sld_sbpmg:\gen_sbpmg_pipeline_less_than_two:sm0:71:sm1|                                                           ; 1 (1)               ; 2 (2)                     ; 0                 ; 0          ; 0    ; 0            ; |lab6_top|sld_signaltap:auto_signaltap_0|sld_signaltap_impl:sld_signaltap_body|sld_signaltap_implb:sld_signaltap_body|sld_ela_control:ela_control|sld_ela_basic_multi_level_trigger:\basic_multi_level_mbpm_trigger_gen:multi_level_mbpm|sld_mbpmg:\trigger_modules_gen:0:trigger_match|sld_sbpmg:\gen_sbpmg_pipeline_less_than_two:sm0:71:sm1       ; sld_sbpmg                         ; work         ;
;                      |sld_sbpmg:\gen_sbpmg_pipeline_less_than_two:sm0:72:sm1|                                                           ; 1 (1)               ; 2 (2)                     ; 0                 ; 0          ; 0    ; 0            ; |lab6_top|sld_signaltap:auto_signaltap_0|sld_signaltap_impl:sld_signaltap_body|sld_signaltap_implb:sld_signaltap_body|sld_ela_control:ela_control|sld_ela_basic_multi_level_trigger:\basic_multi_level_mbpm_trigger_gen:multi_level_mbpm|sld_mbpmg:\trigger_modules_gen:0:trigger_match|sld_sbpmg:\gen_sbpmg_pipeline_less_than_two:sm0:72:sm1       ; sld_sbpmg                         ; work         ;
;                      |sld_sbpmg:\gen_sbpmg_pipeline_less_than_two:sm0:73:sm1|                                                           ; 1 (1)               ; 2 (2)                     ; 0                 ; 0          ; 0    ; 0            ; |lab6_top|sld_signaltap:auto_signaltap_0|sld_signaltap_impl:sld_signaltap_body|sld_signaltap_implb:sld_signaltap_body|sld_ela_control:ela_control|sld_ela_basic_multi_level_trigger:\basic_multi_level_mbpm_trigger_gen:multi_level_mbpm|sld_mbpmg:\trigger_modules_gen:0:trigger_match|sld_sbpmg:\gen_sbpmg_pipeline_less_than_two:sm0:73:sm1       ; sld_sbpmg                         ; work         ;
;                      |sld_sbpmg:\gen_sbpmg_pipeline_less_than_two:sm0:74:sm1|                                                           ; 1 (1)               ; 2 (2)                     ; 0                 ; 0          ; 0    ; 0            ; |lab6_top|sld_signaltap:auto_signaltap_0|sld_signaltap_impl:sld_signaltap_body|sld_signaltap_implb:sld_signaltap_body|sld_ela_control:ela_control|sld_ela_basic_multi_level_trigger:\basic_multi_level_mbpm_trigger_gen:multi_level_mbpm|sld_mbpmg:\trigger_modules_gen:0:trigger_match|sld_sbpmg:\gen_sbpmg_pipeline_less_than_two:sm0:74:sm1       ; sld_sbpmg                         ; work         ;
;                      |sld_sbpmg:\gen_sbpmg_pipeline_less_than_two:sm0:75:sm1|                                                           ; 1 (1)               ; 2 (2)                     ; 0                 ; 0          ; 0    ; 0            ; |lab6_top|sld_signaltap:auto_signaltap_0|sld_signaltap_impl:sld_signaltap_body|sld_signaltap_implb:sld_signaltap_body|sld_ela_control:ela_control|sld_ela_basic_multi_level_trigger:\basic_multi_level_mbpm_trigger_gen:multi_level_mbpm|sld_mbpmg:\trigger_modules_gen:0:trigger_match|sld_sbpmg:\gen_sbpmg_pipeline_less_than_two:sm0:75:sm1       ; sld_sbpmg                         ; work         ;
;                      |sld_sbpmg:\gen_sbpmg_pipeline_less_than_two:sm0:76:sm1|                                                           ; 1 (1)               ; 2 (2)                     ; 0                 ; 0          ; 0    ; 0            ; |lab6_top|sld_signaltap:auto_signaltap_0|sld_signaltap_impl:sld_signaltap_body|sld_signaltap_implb:sld_signaltap_body|sld_ela_control:ela_control|sld_ela_basic_multi_level_trigger:\basic_multi_level_mbpm_trigger_gen:multi_level_mbpm|sld_mbpmg:\trigger_modules_gen:0:trigger_match|sld_sbpmg:\gen_sbpmg_pipeline_less_than_two:sm0:76:sm1       ; sld_sbpmg                         ; work         ;
;                      |sld_sbpmg:\gen_sbpmg_pipeline_less_than_two:sm0:77:sm1|                                                           ; 1 (1)               ; 2 (2)                     ; 0                 ; 0          ; 0    ; 0            ; |lab6_top|sld_signaltap:auto_signaltap_0|sld_signaltap_impl:sld_signaltap_body|sld_signaltap_implb:sld_signaltap_body|sld_ela_control:ela_control|sld_ela_basic_multi_level_trigger:\basic_multi_level_mbpm_trigger_gen:multi_level_mbpm|sld_mbpmg:\trigger_modules_gen:0:trigger_match|sld_sbpmg:\gen_sbpmg_pipeline_less_than_two:sm0:77:sm1       ; sld_sbpmg                         ; work         ;
;                      |sld_sbpmg:\gen_sbpmg_pipeline_less_than_two:sm0:78:sm1|                                                           ; 1 (1)               ; 2 (2)                     ; 0                 ; 0          ; 0    ; 0            ; |lab6_top|sld_signaltap:auto_signaltap_0|sld_signaltap_impl:sld_signaltap_body|sld_signaltap_implb:sld_signaltap_body|sld_ela_control:ela_control|sld_ela_basic_multi_level_trigger:\basic_multi_level_mbpm_trigger_gen:multi_level_mbpm|sld_mbpmg:\trigger_modules_gen:0:trigger_match|sld_sbpmg:\gen_sbpmg_pipeline_less_than_two:sm0:78:sm1       ; sld_sbpmg                         ; work         ;
;                      |sld_sbpmg:\gen_sbpmg_pipeline_less_than_two:sm0:79:sm1|                                                           ; 1 (1)               ; 2 (2)                     ; 0                 ; 0          ; 0    ; 0            ; |lab6_top|sld_signaltap:auto_signaltap_0|sld_signaltap_impl:sld_signaltap_body|sld_signaltap_implb:sld_signaltap_body|sld_ela_control:ela_control|sld_ela_basic_multi_level_trigger:\basic_multi_level_mbpm_trigger_gen:multi_level_mbpm|sld_mbpmg:\trigger_modules_gen:0:trigger_match|sld_sbpmg:\gen_sbpmg_pipeline_less_than_two:sm0:79:sm1       ; sld_sbpmg                         ; work         ;
;                      |sld_sbpmg:\gen_sbpmg_pipeline_less_than_two:sm0:7:sm1|                                                            ; 1 (1)               ; 2 (2)                     ; 0                 ; 0          ; 0    ; 0            ; |lab6_top|sld_signaltap:auto_signaltap_0|sld_signaltap_impl:sld_signaltap_body|sld_signaltap_implb:sld_signaltap_body|sld_ela_control:ela_control|sld_ela_basic_multi_level_trigger:\basic_multi_level_mbpm_trigger_gen:multi_level_mbpm|sld_mbpmg:\trigger_modules_gen:0:trigger_match|sld_sbpmg:\gen_sbpmg_pipeline_less_than_two:sm0:7:sm1        ; sld_sbpmg                         ; work         ;
;                      |sld_sbpmg:\gen_sbpmg_pipeline_less_than_two:sm0:80:sm1|                                                           ; 1 (1)               ; 2 (2)                     ; 0                 ; 0          ; 0    ; 0            ; |lab6_top|sld_signaltap:auto_signaltap_0|sld_signaltap_impl:sld_signaltap_body|sld_signaltap_implb:sld_signaltap_body|sld_ela_control:ela_control|sld_ela_basic_multi_level_trigger:\basic_multi_level_mbpm_trigger_gen:multi_level_mbpm|sld_mbpmg:\trigger_modules_gen:0:trigger_match|sld_sbpmg:\gen_sbpmg_pipeline_less_than_two:sm0:80:sm1       ; sld_sbpmg                         ; work         ;
;                      |sld_sbpmg:\gen_sbpmg_pipeline_less_than_two:sm0:81:sm1|                                                           ; 1 (1)               ; 2 (2)                     ; 0                 ; 0          ; 0    ; 0            ; |lab6_top|sld_signaltap:auto_signaltap_0|sld_signaltap_impl:sld_signaltap_body|sld_signaltap_implb:sld_signaltap_body|sld_ela_control:ela_control|sld_ela_basic_multi_level_trigger:\basic_multi_level_mbpm_trigger_gen:multi_level_mbpm|sld_mbpmg:\trigger_modules_gen:0:trigger_match|sld_sbpmg:\gen_sbpmg_pipeline_less_than_two:sm0:81:sm1       ; sld_sbpmg                         ; work         ;
;                      |sld_sbpmg:\gen_sbpmg_pipeline_less_than_two:sm0:82:sm1|                                                           ; 1 (1)               ; 2 (2)                     ; 0                 ; 0          ; 0    ; 0            ; |lab6_top|sld_signaltap:auto_signaltap_0|sld_signaltap_impl:sld_signaltap_body|sld_signaltap_implb:sld_signaltap_body|sld_ela_control:ela_control|sld_ela_basic_multi_level_trigger:\basic_multi_level_mbpm_trigger_gen:multi_level_mbpm|sld_mbpmg:\trigger_modules_gen:0:trigger_match|sld_sbpmg:\gen_sbpmg_pipeline_less_than_two:sm0:82:sm1       ; sld_sbpmg                         ; work         ;
;                      |sld_sbpmg:\gen_sbpmg_pipeline_less_than_two:sm0:83:sm1|                                                           ; 1 (1)               ; 2 (2)                     ; 0                 ; 0          ; 0    ; 0            ; |lab6_top|sld_signaltap:auto_signaltap_0|sld_signaltap_impl:sld_signaltap_body|sld_signaltap_implb:sld_signaltap_body|sld_ela_control:ela_control|sld_ela_basic_multi_level_trigger:\basic_multi_level_mbpm_trigger_gen:multi_level_mbpm|sld_mbpmg:\trigger_modules_gen:0:trigger_match|sld_sbpmg:\gen_sbpmg_pipeline_less_than_two:sm0:83:sm1       ; sld_sbpmg                         ; work         ;
;                      |sld_sbpmg:\gen_sbpmg_pipeline_less_than_two:sm0:84:sm1|                                                           ; 1 (1)               ; 2 (2)                     ; 0                 ; 0          ; 0    ; 0            ; |lab6_top|sld_signaltap:auto_signaltap_0|sld_signaltap_impl:sld_signaltap_body|sld_signaltap_implb:sld_signaltap_body|sld_ela_control:ela_control|sld_ela_basic_multi_level_trigger:\basic_multi_level_mbpm_trigger_gen:multi_level_mbpm|sld_mbpmg:\trigger_modules_gen:0:trigger_match|sld_sbpmg:\gen_sbpmg_pipeline_less_than_two:sm0:84:sm1       ; sld_sbpmg                         ; work         ;
;                      |sld_sbpmg:\gen_sbpmg_pipeline_less_than_two:sm0:85:sm1|                                                           ; 1 (1)               ; 2 (2)                     ; 0                 ; 0          ; 0    ; 0            ; |lab6_top|sld_signaltap:auto_signaltap_0|sld_signaltap_impl:sld_signaltap_body|sld_signaltap_implb:sld_signaltap_body|sld_ela_control:ela_control|sld_ela_basic_multi_level_trigger:\basic_multi_level_mbpm_trigger_gen:multi_level_mbpm|sld_mbpmg:\trigger_modules_gen:0:trigger_match|sld_sbpmg:\gen_sbpmg_pipeline_less_than_two:sm0:85:sm1       ; sld_sbpmg                         ; work         ;
;                      |sld_sbpmg:\gen_sbpmg_pipeline_less_than_two:sm0:86:sm1|                                                           ; 1 (1)               ; 2 (2)                     ; 0                 ; 0          ; 0    ; 0            ; |lab6_top|sld_signaltap:auto_signaltap_0|sld_signaltap_impl:sld_signaltap_body|sld_signaltap_implb:sld_signaltap_body|sld_ela_control:ela_control|sld_ela_basic_multi_level_trigger:\basic_multi_level_mbpm_trigger_gen:multi_level_mbpm|sld_mbpmg:\trigger_modules_gen:0:trigger_match|sld_sbpmg:\gen_sbpmg_pipeline_less_than_two:sm0:86:sm1       ; sld_sbpmg                         ; work         ;
;                      |sld_sbpmg:\gen_sbpmg_pipeline_less_than_two:sm0:87:sm1|                                                           ; 1 (1)               ; 2 (2)                     ; 0                 ; 0          ; 0    ; 0            ; |lab6_top|sld_signaltap:auto_signaltap_0|sld_signaltap_impl:sld_signaltap_body|sld_signaltap_implb:sld_signaltap_body|sld_ela_control:ela_control|sld_ela_basic_multi_level_trigger:\basic_multi_level_mbpm_trigger_gen:multi_level_mbpm|sld_mbpmg:\trigger_modules_gen:0:trigger_match|sld_sbpmg:\gen_sbpmg_pipeline_less_than_two:sm0:87:sm1       ; sld_sbpmg                         ; work         ;
;                      |sld_sbpmg:\gen_sbpmg_pipeline_less_than_two:sm0:88:sm1|                                                           ; 1 (1)               ; 2 (2)                     ; 0                 ; 0          ; 0    ; 0            ; |lab6_top|sld_signaltap:auto_signaltap_0|sld_signaltap_impl:sld_signaltap_body|sld_signaltap_implb:sld_signaltap_body|sld_ela_control:ela_control|sld_ela_basic_multi_level_trigger:\basic_multi_level_mbpm_trigger_gen:multi_level_mbpm|sld_mbpmg:\trigger_modules_gen:0:trigger_match|sld_sbpmg:\gen_sbpmg_pipeline_less_than_two:sm0:88:sm1       ; sld_sbpmg                         ; work         ;
;                      |sld_sbpmg:\gen_sbpmg_pipeline_less_than_two:sm0:89:sm1|                                                           ; 1 (1)               ; 2 (2)                     ; 0                 ; 0          ; 0    ; 0            ; |lab6_top|sld_signaltap:auto_signaltap_0|sld_signaltap_impl:sld_signaltap_body|sld_signaltap_implb:sld_signaltap_body|sld_ela_control:ela_control|sld_ela_basic_multi_level_trigger:\basic_multi_level_mbpm_trigger_gen:multi_level_mbpm|sld_mbpmg:\trigger_modules_gen:0:trigger_match|sld_sbpmg:\gen_sbpmg_pipeline_less_than_two:sm0:89:sm1       ; sld_sbpmg                         ; work         ;
;                      |sld_sbpmg:\gen_sbpmg_pipeline_less_than_two:sm0:8:sm1|                                                            ; 1 (1)               ; 2 (2)                     ; 0                 ; 0          ; 0    ; 0            ; |lab6_top|sld_signaltap:auto_signaltap_0|sld_signaltap_impl:sld_signaltap_body|sld_signaltap_implb:sld_signaltap_body|sld_ela_control:ela_control|sld_ela_basic_multi_level_trigger:\basic_multi_level_mbpm_trigger_gen:multi_level_mbpm|sld_mbpmg:\trigger_modules_gen:0:trigger_match|sld_sbpmg:\gen_sbpmg_pipeline_less_than_two:sm0:8:sm1        ; sld_sbpmg                         ; work         ;
;                      |sld_sbpmg:\gen_sbpmg_pipeline_less_than_two:sm0:90:sm1|                                                           ; 1 (1)               ; 2 (2)                     ; 0                 ; 0          ; 0    ; 0            ; |lab6_top|sld_signaltap:auto_signaltap_0|sld_signaltap_impl:sld_signaltap_body|sld_signaltap_implb:sld_signaltap_body|sld_ela_control:ela_control|sld_ela_basic_multi_level_trigger:\basic_multi_level_mbpm_trigger_gen:multi_level_mbpm|sld_mbpmg:\trigger_modules_gen:0:trigger_match|sld_sbpmg:\gen_sbpmg_pipeline_less_than_two:sm0:90:sm1       ; sld_sbpmg                         ; work         ;
;                      |sld_sbpmg:\gen_sbpmg_pipeline_less_than_two:sm0:91:sm1|                                                           ; 1 (1)               ; 2 (2)                     ; 0                 ; 0          ; 0    ; 0            ; |lab6_top|sld_signaltap:auto_signaltap_0|sld_signaltap_impl:sld_signaltap_body|sld_signaltap_implb:sld_signaltap_body|sld_ela_control:ela_control|sld_ela_basic_multi_level_trigger:\basic_multi_level_mbpm_trigger_gen:multi_level_mbpm|sld_mbpmg:\trigger_modules_gen:0:trigger_match|sld_sbpmg:\gen_sbpmg_pipeline_less_than_two:sm0:91:sm1       ; sld_sbpmg                         ; work         ;
;                      |sld_sbpmg:\gen_sbpmg_pipeline_less_than_two:sm0:92:sm1|                                                           ; 1 (1)               ; 2 (2)                     ; 0                 ; 0          ; 0    ; 0            ; |lab6_top|sld_signaltap:auto_signaltap_0|sld_signaltap_impl:sld_signaltap_body|sld_signaltap_implb:sld_signaltap_body|sld_ela_control:ela_control|sld_ela_basic_multi_level_trigger:\basic_multi_level_mbpm_trigger_gen:multi_level_mbpm|sld_mbpmg:\trigger_modules_gen:0:trigger_match|sld_sbpmg:\gen_sbpmg_pipeline_less_than_two:sm0:92:sm1       ; sld_sbpmg                         ; work         ;
;                      |sld_sbpmg:\gen_sbpmg_pipeline_less_than_two:sm0:93:sm1|                                                           ; 1 (1)               ; 2 (2)                     ; 0                 ; 0          ; 0    ; 0            ; |lab6_top|sld_signaltap:auto_signaltap_0|sld_signaltap_impl:sld_signaltap_body|sld_signaltap_implb:sld_signaltap_body|sld_ela_control:ela_control|sld_ela_basic_multi_level_trigger:\basic_multi_level_mbpm_trigger_gen:multi_level_mbpm|sld_mbpmg:\trigger_modules_gen:0:trigger_match|sld_sbpmg:\gen_sbpmg_pipeline_less_than_two:sm0:93:sm1       ; sld_sbpmg                         ; work         ;
;                      |sld_sbpmg:\gen_sbpmg_pipeline_less_than_two:sm0:94:sm1|                                                           ; 1 (1)               ; 2 (2)                     ; 0                 ; 0          ; 0    ; 0            ; |lab6_top|sld_signaltap:auto_signaltap_0|sld_signaltap_impl:sld_signaltap_body|sld_signaltap_implb:sld_signaltap_body|sld_ela_control:ela_control|sld_ela_basic_multi_level_trigger:\basic_multi_level_mbpm_trigger_gen:multi_level_mbpm|sld_mbpmg:\trigger_modules_gen:0:trigger_match|sld_sbpmg:\gen_sbpmg_pipeline_less_than_two:sm0:94:sm1       ; sld_sbpmg                         ; work         ;
;                      |sld_sbpmg:\gen_sbpmg_pipeline_less_than_two:sm0:95:sm1|                                                           ; 1 (1)               ; 2 (2)                     ; 0                 ; 0          ; 0    ; 0            ; |lab6_top|sld_signaltap:auto_signaltap_0|sld_signaltap_impl:sld_signaltap_body|sld_signaltap_implb:sld_signaltap_body|sld_ela_control:ela_control|sld_ela_basic_multi_level_trigger:\basic_multi_level_mbpm_trigger_gen:multi_level_mbpm|sld_mbpmg:\trigger_modules_gen:0:trigger_match|sld_sbpmg:\gen_sbpmg_pipeline_less_than_two:sm0:95:sm1       ; sld_sbpmg                         ; work         ;
;                      |sld_sbpmg:\gen_sbpmg_pipeline_less_than_two:sm0:96:sm1|                                                           ; 1 (1)               ; 2 (2)                     ; 0                 ; 0          ; 0    ; 0            ; |lab6_top|sld_signaltap:auto_signaltap_0|sld_signaltap_impl:sld_signaltap_body|sld_signaltap_implb:sld_signaltap_body|sld_ela_control:ela_control|sld_ela_basic_multi_level_trigger:\basic_multi_level_mbpm_trigger_gen:multi_level_mbpm|sld_mbpmg:\trigger_modules_gen:0:trigger_match|sld_sbpmg:\gen_sbpmg_pipeline_less_than_two:sm0:96:sm1       ; sld_sbpmg                         ; work         ;
;                      |sld_sbpmg:\gen_sbpmg_pipeline_less_than_two:sm0:97:sm1|                                                           ; 1 (1)               ; 2 (2)                     ; 0                 ; 0          ; 0    ; 0            ; |lab6_top|sld_signaltap:auto_signaltap_0|sld_signaltap_impl:sld_signaltap_body|sld_signaltap_implb:sld_signaltap_body|sld_ela_control:ela_control|sld_ela_basic_multi_level_trigger:\basic_multi_level_mbpm_trigger_gen:multi_level_mbpm|sld_mbpmg:\trigger_modules_gen:0:trigger_match|sld_sbpmg:\gen_sbpmg_pipeline_less_than_two:sm0:97:sm1       ; sld_sbpmg                         ; work         ;
;                      |sld_sbpmg:\gen_sbpmg_pipeline_less_than_two:sm0:98:sm1|                                                           ; 1 (1)               ; 2 (2)                     ; 0                 ; 0          ; 0    ; 0            ; |lab6_top|sld_signaltap:auto_signaltap_0|sld_signaltap_impl:sld_signaltap_body|sld_signaltap_implb:sld_signaltap_body|sld_ela_control:ela_control|sld_ela_basic_multi_level_trigger:\basic_multi_level_mbpm_trigger_gen:multi_level_mbpm|sld_mbpmg:\trigger_modules_gen:0:trigger_match|sld_sbpmg:\gen_sbpmg_pipeline_less_than_two:sm0:98:sm1       ; sld_sbpmg                         ; work         ;
;                      |sld_sbpmg:\gen_sbpmg_pipeline_less_than_two:sm0:99:sm1|                                                           ; 1 (1)               ; 2 (2)                     ; 0                 ; 0          ; 0    ; 0            ; |lab6_top|sld_signaltap:auto_signaltap_0|sld_signaltap_impl:sld_signaltap_body|sld_signaltap_implb:sld_signaltap_body|sld_ela_control:ela_control|sld_ela_basic_multi_level_trigger:\basic_multi_level_mbpm_trigger_gen:multi_level_mbpm|sld_mbpmg:\trigger_modules_gen:0:trigger_match|sld_sbpmg:\gen_sbpmg_pipeline_less_than_two:sm0:99:sm1       ; sld_sbpmg                         ; work         ;
;                      |sld_sbpmg:\gen_sbpmg_pipeline_less_than_two:sm0:9:sm1|                                                            ; 1 (1)               ; 2 (2)                     ; 0                 ; 0          ; 0    ; 0            ; |lab6_top|sld_signaltap:auto_signaltap_0|sld_signaltap_impl:sld_signaltap_body|sld_signaltap_implb:sld_signaltap_body|sld_ela_control:ela_control|sld_ela_basic_multi_level_trigger:\basic_multi_level_mbpm_trigger_gen:multi_level_mbpm|sld_mbpmg:\trigger_modules_gen:0:trigger_match|sld_sbpmg:\gen_sbpmg_pipeline_less_than_two:sm0:9:sm1        ; sld_sbpmg                         ; work         ;
;                |sld_ela_trigger_flow_mgr:\builtin:ela_trigger_flow_mgr_entity|                                                          ; 34 (34)             ; 11 (1)                    ; 0                 ; 0          ; 0    ; 0            ; |lab6_top|sld_signaltap:auto_signaltap_0|sld_signaltap_impl:sld_signaltap_body|sld_signaltap_implb:sld_signaltap_body|sld_ela_control:ela_control|sld_ela_trigger_flow_mgr:\builtin:ela_trigger_flow_mgr_entity                                                                                                                                      ; sld_ela_trigger_flow_mgr          ; work         ;
;                   |lpm_shiftreg:trigger_config_deserialize|                                                                             ; 0 (0)               ; 10 (10)                   ; 0                 ; 0          ; 0    ; 0            ; |lab6_top|sld_signaltap:auto_signaltap_0|sld_signaltap_impl:sld_signaltap_body|sld_signaltap_implb:sld_signaltap_body|sld_ela_control:ela_control|sld_ela_trigger_flow_mgr:\builtin:ela_trigger_flow_mgr_entity|lpm_shiftreg:trigger_config_deserialize                                                                                              ; lpm_shiftreg                      ; work         ;
;             |sld_offload_buffer_mgr:\stp_non_zero_depth_offload_gen:stp_offload_buff_mgr_inst|                                          ; 43 (12)             ; 218 (0)                   ; 0                 ; 0          ; 0    ; 0            ; |lab6_top|sld_signaltap:auto_signaltap_0|sld_signaltap_impl:sld_signaltap_body|sld_signaltap_implb:sld_signaltap_body|sld_offload_buffer_mgr:\stp_non_zero_depth_offload_gen:stp_offload_buff_mgr_inst                                                                                                                                               ; sld_offload_buffer_mgr            ; work         ;
;                |lpm_counter:\adv_point_3_and_more:advance_pointer_counter|                                                              ; 10 (0)              ; 8 (0)                     ; 0                 ; 0          ; 0    ; 0            ; |lab6_top|sld_signaltap:auto_signaltap_0|sld_signaltap_impl:sld_signaltap_body|sld_signaltap_implb:sld_signaltap_body|sld_offload_buffer_mgr:\stp_non_zero_depth_offload_gen:stp_offload_buff_mgr_inst|lpm_counter:\adv_point_3_and_more:advance_pointer_counter                                                                                     ; lpm_counter                       ; work         ;
;                   |cntr_rai:auto_generated|                                                                                             ; 10 (10)             ; 8 (8)                     ; 0                 ; 0          ; 0    ; 0            ; |lab6_top|sld_signaltap:auto_signaltap_0|sld_signaltap_impl:sld_signaltap_body|sld_signaltap_implb:sld_signaltap_body|sld_offload_buffer_mgr:\stp_non_zero_depth_offload_gen:stp_offload_buff_mgr_inst|lpm_counter:\adv_point_3_and_more:advance_pointer_counter|cntr_rai:auto_generated                                                             ; cntr_rai                          ; work         ;
;                |lpm_counter:read_pointer_counter|                                                                                       ; 9 (0)               ; 9 (0)                     ; 0                 ; 0          ; 0    ; 0            ; |lab6_top|sld_signaltap:auto_signaltap_0|sld_signaltap_impl:sld_signaltap_body|sld_signaltap_implb:sld_signaltap_body|sld_offload_buffer_mgr:\stp_non_zero_depth_offload_gen:stp_offload_buff_mgr_inst|lpm_counter:read_pointer_counter                                                                                                              ; lpm_counter                       ; work         ;
;                   |cntr_3vi:auto_generated|                                                                                             ; 9 (9)               ; 9 (9)                     ; 0                 ; 0          ; 0    ; 0            ; |lab6_top|sld_signaltap:auto_signaltap_0|sld_signaltap_impl:sld_signaltap_body|sld_signaltap_implb:sld_signaltap_body|sld_offload_buffer_mgr:\stp_non_zero_depth_offload_gen:stp_offload_buff_mgr_inst|lpm_counter:read_pointer_counter|cntr_3vi:auto_generated                                                                                      ; cntr_3vi                          ; work         ;
;                |lpm_counter:status_advance_pointer_counter|                                                                             ; 7 (0)               ; 5 (0)                     ; 0                 ; 0          ; 0    ; 0            ; |lab6_top|sld_signaltap:auto_signaltap_0|sld_signaltap_impl:sld_signaltap_body|sld_signaltap_implb:sld_signaltap_body|sld_offload_buffer_mgr:\stp_non_zero_depth_offload_gen:stp_offload_buff_mgr_inst|lpm_counter:status_advance_pointer_counter                                                                                                    ; lpm_counter                       ; work         ;
;                   |cntr_59i:auto_generated|                                                                                             ; 7 (7)               ; 5 (5)                     ; 0                 ; 0          ; 0    ; 0            ; |lab6_top|sld_signaltap:auto_signaltap_0|sld_signaltap_impl:sld_signaltap_body|sld_signaltap_implb:sld_signaltap_body|sld_offload_buffer_mgr:\stp_non_zero_depth_offload_gen:stp_offload_buff_mgr_inst|lpm_counter:status_advance_pointer_counter|cntr_59i:auto_generated                                                                            ; cntr_59i                          ; work         ;
;                |lpm_counter:status_read_pointer_counter|                                                                                ; 3 (0)               ; 1 (0)                     ; 0                 ; 0          ; 0    ; 0            ; |lab6_top|sld_signaltap:auto_signaltap_0|sld_signaltap_impl:sld_signaltap_body|sld_signaltap_implb:sld_signaltap_body|sld_offload_buffer_mgr:\stp_non_zero_depth_offload_gen:stp_offload_buff_mgr_inst|lpm_counter:status_read_pointer_counter                                                                                                       ; lpm_counter                       ; work         ;
;                   |cntr_kri:auto_generated|                                                                                             ; 3 (3)               ; 1 (1)                     ; 0                 ; 0          ; 0    ; 0            ; |lab6_top|sld_signaltap:auto_signaltap_0|sld_signaltap_impl:sld_signaltap_body|sld_signaltap_implb:sld_signaltap_body|sld_offload_buffer_mgr:\stp_non_zero_depth_offload_gen:stp_offload_buff_mgr_inst|lpm_counter:status_read_pointer_counter|cntr_kri:auto_generated                                                                               ; cntr_kri                          ; work         ;
;                |lpm_shiftreg:info_data_shift_out|                                                                                       ; 0 (0)               ; 19 (19)                   ; 0                 ; 0          ; 0    ; 0            ; |lab6_top|sld_signaltap:auto_signaltap_0|sld_signaltap_impl:sld_signaltap_body|sld_signaltap_implb:sld_signaltap_body|sld_offload_buffer_mgr:\stp_non_zero_depth_offload_gen:stp_offload_buff_mgr_inst|lpm_shiftreg:info_data_shift_out                                                                                                              ; lpm_shiftreg                      ; work         ;
;                |lpm_shiftreg:ram_data_shift_out|                                                                                        ; 1 (1)               ; 157 (157)                 ; 0                 ; 0          ; 0    ; 0            ; |lab6_top|sld_signaltap:auto_signaltap_0|sld_signaltap_impl:sld_signaltap_body|sld_signaltap_implb:sld_signaltap_body|sld_offload_buffer_mgr:\stp_non_zero_depth_offload_gen:stp_offload_buff_mgr_inst|lpm_shiftreg:ram_data_shift_out                                                                                                               ; lpm_shiftreg                      ; work         ;
;                |lpm_shiftreg:status_data_shift_out|                                                                                     ; 1 (1)               ; 19 (19)                   ; 0                 ; 0          ; 0    ; 0            ; |lab6_top|sld_signaltap:auto_signaltap_0|sld_signaltap_impl:sld_signaltap_body|sld_signaltap_implb:sld_signaltap_body|sld_offload_buffer_mgr:\stp_non_zero_depth_offload_gen:stp_offload_buff_mgr_inst|lpm_shiftreg:status_data_shift_out                                                                                                            ; lpm_shiftreg                      ; work         ;
;             |sld_rom_sr:crc_rom_sr|                                                                                                     ; 20 (20)             ; 8 (8)                     ; 0                 ; 0          ; 0    ; 0            ; |lab6_top|sld_signaltap:auto_signaltap_0|sld_signaltap_impl:sld_signaltap_body|sld_signaltap_implb:sld_signaltap_body|sld_rom_sr:crc_rom_sr                                                                                                                                                                                                          ; sld_rom_sr                        ; work         ;
;    |sseg:H0|                                                                                                                            ; 7 (7)               ; 0 (0)                     ; 0                 ; 0          ; 0    ; 0            ; |lab6_top|sseg:H0                                                                                                                                                                                                                                                                                                                                    ; sseg                              ; work         ;
;    |sseg:H1|                                                                                                                            ; 7 (7)               ; 0 (0)                     ; 0                 ; 0          ; 0    ; 0            ; |lab6_top|sseg:H1                                                                                                                                                                                                                                                                                                                                    ; sseg                              ; work         ;
;    |sseg:H2|                                                                                                                            ; 7 (7)               ; 0 (0)                     ; 0                 ; 0          ; 0    ; 0            ; |lab6_top|sseg:H2                                                                                                                                                                                                                                                                                                                                    ; sseg                              ; work         ;
;    |sseg:H3|                                                                                                                            ; 7 (7)               ; 0 (0)                     ; 0                 ; 0          ; 0    ; 0            ; |lab6_top|sseg:H3                                                                                                                                                                                                                                                                                                                                    ; sseg                              ; work         ;
+-----------------------------------------------------------------------------------------------------------------------------------------+---------------------+---------------------------+-------------------+------------+------+--------------+------------------------------------------------------------------------------------------------------------------------------------------------------------------------------------------------------------------------------------------------------------------------------------------------------------------------------------------------------+-----------------------------------+--------------+
Note: For table entries with two numbers listed, the numbers in parentheses indicate the number of resources of the given type used by the specific entity alone. The numbers listed outside of parentheses indicate the total resources of the given type used by the specific entity and all of its sub-entities in the hierarchy.


+------------------------------------------------------------------------------------------------------------------------------------------------------------------------------------------------------------------------------------------------------------------------------------------------------------+
; Analysis & Synthesis RAM Summary                                                                                                                                                                                                                                                                           ;
+-------------------------------------------------------------------------------------------------------------------------------------------------------------------------------------------------------+------+------------------+--------------+--------------+--------------+--------------+-------+------+
; Name                                                                                                                                                                                                  ; Type ; Mode             ; Port A Depth ; Port A Width ; Port B Depth ; Port B Width ; Size  ; MIF  ;
+-------------------------------------------------------------------------------------------------------------------------------------------------------------------------------------------------------+------+------------------+--------------+--------------+--------------+--------------+-------+------+
; sld_signaltap:auto_signaltap_0|sld_signaltap_impl:sld_signaltap_body|sld_signaltap_implb:sld_signaltap_body|altsyncram:\stp_non_zero_ram_gen:stp_buffer_ram|altsyncram_ue84:auto_generated|ALTSYNCRAM ; AUTO ; Simple Dual Port ; 512          ; 157          ; 512          ; 157          ; 80384 ; None ;
+-------------------------------------------------------------------------------------------------------------------------------------------------------------------------------------------------------+------+------------------+--------------+--------------+--------------+--------------+-------+------+


+-----------------------------------------------------------------------------------------------------------------------------------------------------------------------------------------------------------------------------------------------------------------------------------------------------------------------------------------------------------------+
; Analysis & Synthesis IP Cores Summary                                                                                                                                                                                                                                                                                                                           ;
+--------+--------------+---------+--------------+--------------+-------------------------------------------------------------------------------------------------------------------------------------------------------------------------------------------------------------------------------------------------------------------------------+-----------------+
; Vendor ; IP Core Name ; Version ; Release Date ; License Type ; Entity Instance                                                                                                                                                                                                                                                               ; IP Include File ;
+--------+--------------+---------+--------------+--------------+-------------------------------------------------------------------------------------------------------------------------------------------------------------------------------------------------------------------------------------------------------------------------------+-----------------+
; Altera ; Signal Tap   ; N/A     ; N/A          ; Licensed     ; |lab6_top|sld_hub:auto_hub|alt_sld_fab_with_jtag_input:\instrumentation_fabric_with_node_gen:fabric_gen_new_way:with_jtag_input_gen:instrumentation_fabric|alt_sld_fab:instrumentation_fabric                                                                                 ;                 ;
; Altera ; Signal Tap   ; N/A     ; N/A          ; Licensed     ; |lab6_top|sld_hub:auto_hub|alt_sld_fab_with_jtag_input:\instrumentation_fabric_with_node_gen:fabric_gen_new_way:with_jtag_input_gen:instrumentation_fabric|alt_sld_fab:instrumentation_fabric|alt_sld_fab_alt_sld_fab:alt_sld_fab                                             ;                 ;
; Altera ; Signal Tap   ; N/A     ; N/A          ; Licensed     ; |lab6_top|sld_hub:auto_hub|alt_sld_fab_with_jtag_input:\instrumentation_fabric_with_node_gen:fabric_gen_new_way:with_jtag_input_gen:instrumentation_fabric|alt_sld_fab:instrumentation_fabric|alt_sld_fab_alt_sld_fab:alt_sld_fab|alt_sld_fab_alt_sld_fab_presplit:presplit   ;                 ;
; Altera ; Signal Tap   ; N/A     ; N/A          ; Licensed     ; |lab6_top|sld_hub:auto_hub|alt_sld_fab_with_jtag_input:\instrumentation_fabric_with_node_gen:fabric_gen_new_way:with_jtag_input_gen:instrumentation_fabric|alt_sld_fab:instrumentation_fabric|alt_sld_fab_alt_sld_fab:alt_sld_fab|alt_sld_fab_alt_sld_fab_sldfabric:sldfabric ;                 ;
; Altera ; Signal Tap   ; N/A     ; N/A          ; Licensed     ; |lab6_top|sld_hub:auto_hub|alt_sld_fab_with_jtag_input:\instrumentation_fabric_with_node_gen:fabric_gen_new_way:with_jtag_input_gen:instrumentation_fabric|alt_sld_fab:instrumentation_fabric|alt_sld_fab_alt_sld_fab:alt_sld_fab|alt_sld_fab_alt_sld_fab_splitter:splitter   ;                 ;
+--------+--------------+---------+--------------+--------------+-------------------------------------------------------------------------------------------------------------------------------------------------------------------------------------------------------------------------------------------------------------------------------+-----------------+


Encoding Type:  One-Hot
+---------------------------------------------------------------------------------------------------------------------------------+
; State Machine - |lab6_top|cpu:U|FSM:U2|state                                                                                    ;
+------------+------------+------------+------------+------------+------------+------------+------------+------------+------------+
; Name       ; state.0111 ; state.0110 ; state.0101 ; state.0100 ; state.0011 ; state.0010 ; state.0001 ; state.0000 ; state.1000 ;
+------------+------------+------------+------------+------------+------------+------------+------------+------------+------------+
; state.0000 ; 0          ; 0          ; 0          ; 0          ; 0          ; 0          ; 0          ; 0          ; 0          ;
; state.0001 ; 0          ; 0          ; 0          ; 0          ; 0          ; 0          ; 1          ; 1          ; 0          ;
; state.0010 ; 0          ; 0          ; 0          ; 0          ; 0          ; 1          ; 0          ; 1          ; 0          ;
; state.0011 ; 0          ; 0          ; 0          ; 0          ; 1          ; 0          ; 0          ; 1          ; 0          ;
; state.0100 ; 0          ; 0          ; 0          ; 1          ; 0          ; 0          ; 0          ; 1          ; 0          ;
; state.0101 ; 0          ; 0          ; 1          ; 0          ; 0          ; 0          ; 0          ; 1          ; 0          ;
; state.0110 ; 0          ; 1          ; 0          ; 0          ; 0          ; 0          ; 0          ; 1          ; 0          ;
; state.0111 ; 1          ; 0          ; 0          ; 0          ; 0          ; 0          ; 0          ; 1          ; 0          ;
; state.1000 ; 0          ; 0          ; 0          ; 0          ; 0          ; 0          ; 0          ; 1          ; 1          ;
+------------+------------+------------+------------+------------+------------+------------+------------+------------+------------+


+-----------------------------------------------------------------------------------------+
; Registers Removed During Synthesis                                                      ;
+----------------------------------------+------------------------------------------------+
; Register name                          ; Reason for Removal                             ;
+----------------------------------------+------------------------------------------------+
; cpu:U|datapath:DP|data_C[0]            ; Merged with cpu:U|datapath:DP|datapath_out[0]  ;
; cpu:U|datapath:DP|data_C[1]            ; Merged with cpu:U|datapath:DP|datapath_out[1]  ;
; cpu:U|datapath:DP|data_C[2]            ; Merged with cpu:U|datapath:DP|datapath_out[2]  ;
; cpu:U|datapath:DP|data_C[3]            ; Merged with cpu:U|datapath:DP|datapath_out[3]  ;
; cpu:U|datapath:DP|data_C[4]            ; Merged with cpu:U|datapath:DP|datapath_out[4]  ;
; cpu:U|datapath:DP|data_C[5]            ; Merged with cpu:U|datapath:DP|datapath_out[5]  ;
; cpu:U|datapath:DP|data_C[6]            ; Merged with cpu:U|datapath:DP|datapath_out[6]  ;
; cpu:U|datapath:DP|data_C[7]            ; Merged with cpu:U|datapath:DP|datapath_out[7]  ;
; cpu:U|datapath:DP|data_C[8]            ; Merged with cpu:U|datapath:DP|datapath_out[8]  ;
; cpu:U|datapath:DP|data_C[9]            ; Merged with cpu:U|datapath:DP|datapath_out[9]  ;
; cpu:U|datapath:DP|data_C[10]           ; Merged with cpu:U|datapath:DP|datapath_out[10] ;
; cpu:U|datapath:DP|data_C[11]           ; Merged with cpu:U|datapath:DP|datapath_out[11] ;
; cpu:U|datapath:DP|data_C[12]           ; Merged with cpu:U|datapath:DP|datapath_out[12] ;
; cpu:U|datapath:DP|data_C[13]           ; Merged with cpu:U|datapath:DP|datapath_out[13] ;
; cpu:U|datapath:DP|data_C[14]           ; Merged with cpu:U|datapath:DP|datapath_out[14] ;
; cpu:U|datapath:DP|data_C[15]           ; Merged with cpu:U|datapath:DP|datapath_out[15] ;
; cpu:U|FSM:U2|state~2                   ; Lost fanout                                    ;
; cpu:U|FSM:U2|state~3                   ; Lost fanout                                    ;
; cpu:U|FSM:U2|state~4                   ; Lost fanout                                    ;
; Total Number of Removed Registers = 19 ;                                                ;
+----------------------------------------+------------------------------------------------+


+------------------------------------------------------+
; General Register Statistics                          ;
+----------------------------------------------+-------+
; Statistic                                    ; Value ;
+----------------------------------------------+-------+
; Total registers                              ; 2509  ;
; Number of registers using Synchronous Clear  ; 112   ;
; Number of registers using Synchronous Load   ; 298   ;
; Number of registers using Asynchronous Clear ; 775   ;
; Number of registers using Asynchronous Load  ; 0     ;
; Number of registers using Clock Enable       ; 976   ;
; Number of registers using Preset             ; 0     ;
+----------------------------------------------+-------+


+-------------------------------------------------------------------------------------------------------------------------------------------------------------------------------------------------------------------------------------------------------------------------------------------------------------------------------------------+
; Inverted Register Statistics                                                                                                                                                                                                                                                                                                              ;
+---------------------------------------------------------------------------------------------------------------------------------------------------------------------------------------------------------------------------------------------------------------------------------------------------------------------------------+---------+
; Inverted Register                                                                                                                                                                                                                                                                                                               ; Fan out ;
+---------------------------------------------------------------------------------------------------------------------------------------------------------------------------------------------------------------------------------------------------------------------------------------------------------------------------------+---------+
; sld_hub:auto_hub|alt_sld_fab_with_jtag_input:\instrumentation_fabric_with_node_gen:fabric_gen_new_way:with_jtag_input_gen:instrumentation_fabric|alt_sld_fab:instrumentation_fabric|alt_sld_fab_alt_sld_fab:alt_sld_fab|alt_sld_fab_alt_sld_fab_sldfabric:sldfabric|sld_jtag_hub:\jtag_hub_gen:real_sld_jtag_hub|jtag_ir_reg[1] ; 3       ;
; sld_hub:auto_hub|alt_sld_fab_with_jtag_input:\instrumentation_fabric_with_node_gen:fabric_gen_new_way:with_jtag_input_gen:instrumentation_fabric|alt_sld_fab:instrumentation_fabric|alt_sld_fab_alt_sld_fab:alt_sld_fab|alt_sld_fab_alt_sld_fab_sldfabric:sldfabric|sld_jtag_hub:\jtag_hub_gen:real_sld_jtag_hub|jtag_ir_reg[2] ; 3       ;
; sld_signaltap:auto_signaltap_0|sld_signaltap_impl:sld_signaltap_body|sld_signaltap_implb:sld_signaltap_body|sld_buffer_manager:sld_buffer_manager_inst|modified_post_count[9]                                                                                                                                                   ; 1       ;
; sld_signaltap:auto_signaltap_0|sld_signaltap_impl:sld_signaltap_body|sld_signaltap_implb:sld_signaltap_body|sld_buffer_manager:sld_buffer_manager_inst|modified_post_count[6]                                                                                                                                                   ; 1       ;
; sld_signaltap:auto_signaltap_0|sld_signaltap_impl:sld_signaltap_body|sld_signaltap_implb:sld_signaltap_body|sld_buffer_manager:sld_buffer_manager_inst|modified_post_count[7]                                                                                                                                                   ; 1       ;
; sld_signaltap:auto_signaltap_0|sld_signaltap_impl:sld_signaltap_body|sld_signaltap_implb:sld_signaltap_body|sld_buffer_manager:sld_buffer_manager_inst|modified_post_count[8]                                                                                                                                                   ; 1       ;
; sld_signaltap:auto_signaltap_0|sld_signaltap_impl:sld_signaltap_body|sld_signaltap_implb:sld_signaltap_body|sld_buffer_manager:sld_buffer_manager_inst|modified_post_count[0]                                                                                                                                                   ; 1       ;
; sld_signaltap:auto_signaltap_0|sld_signaltap_impl:sld_signaltap_body|sld_signaltap_implb:sld_signaltap_body|sld_buffer_manager:sld_buffer_manager_inst|modified_post_count[1]                                                                                                                                                   ; 1       ;
; sld_signaltap:auto_signaltap_0|sld_signaltap_impl:sld_signaltap_body|sld_signaltap_implb:sld_signaltap_body|sld_buffer_manager:sld_buffer_manager_inst|modified_post_count[2]                                                                                                                                                   ; 1       ;
; sld_signaltap:auto_signaltap_0|sld_signaltap_impl:sld_signaltap_body|sld_signaltap_implb:sld_signaltap_body|sld_buffer_manager:sld_buffer_manager_inst|modified_post_count[3]                                                                                                                                                   ; 1       ;
; sld_signaltap:auto_signaltap_0|sld_signaltap_impl:sld_signaltap_body|sld_signaltap_implb:sld_signaltap_body|sld_buffer_manager:sld_buffer_manager_inst|modified_post_count[4]                                                                                                                                                   ; 1       ;
; sld_signaltap:auto_signaltap_0|sld_signaltap_impl:sld_signaltap_body|sld_signaltap_implb:sld_signaltap_body|sld_buffer_manager:sld_buffer_manager_inst|modified_post_count[5]                                                                                                                                                   ; 1       ;
; Total number of inverted registers = 12                                                                                                                                                                                                                                                                                         ;         ;
+---------------------------------------------------------------------------------------------------------------------------------------------------------------------------------------------------------------------------------------------------------------------------------------------------------------------------------+---------+


+-----------------------------------------------------------------------------------------------------------------------------------------------------------------------+
; Multiplexer Restructuring Statistics (Restructuring Performed)                                                                                                        ;
+--------------------+-----------+---------------+----------------------+------------------------+------------+---------------------------------------------------------+
; Multiplexer Inputs ; Bus Width ; Baseline Area ; Area if Restructured ; Saving if Restructured ; Registered ; Example Multiplexer Output                              ;
+--------------------+-----------+---------------+----------------------+------------------------+------------+---------------------------------------------------------+
; 3:1                ; 2 bits    ; 4 LEs         ; 4 LEs                ; 0 LEs                  ; No         ; |lab6_top|cpu:U|FSM:U2|state                            ;
; 3:1                ; 3 bits    ; 6 LEs         ; 6 LEs                ; 0 LEs                  ; No         ; |lab6_top|cpu:U|FSM:U2|state                            ;
; 4:1                ; 16 bits   ; 32 LEs        ; 32 LEs               ; 0 LEs                  ; No         ; |lab6_top|cpu:U|datapath:DP|ALU:U2|Mux0                 ;
; 4:1                ; 14 bits   ; 28 LEs        ; 28 LEs               ; 0 LEs                  ; No         ; |lab6_top|cpu:U|datapath:DP|shifter:U1|Mux6             ;
; 4:1                ; 3 bits    ; 6 LEs         ; 6 LEs                ; 0 LEs                  ; No         ; |lab6_top|cpu:U|Instruction_Decoder:U0|readnum[2]       ;
; 8:1                ; 16 bits   ; 80 LEs        ; 80 LEs               ; 0 LEs                  ; No         ; |lab6_top|cpu:U|datapath:DP|regfile:REGFILE|data_out[0] ;
+--------------------+-----------+---------------+----------------------+------------------------+------------+---------------------------------------------------------+


+-------------------------------------------------------+
; Source assignments for sld_signaltap:auto_signaltap_0 ;
+-----------------+-------+------+----------------------+
; Assignment      ; Value ; From ; To                   ;
+-----------------+-------+------+----------------------+
; MESSAGE_DISABLE ; 13410 ; -    ; -                    ;
+-----------------+-------+------+----------------------+


+----------------------------------------------------------------------+
; Parameter Settings for User Entity Instance: input_iface:IN|vDFF:REG ;
+----------------+-------+---------------------------------------------+
; Parameter Name ; Value ; Type                                        ;
+----------------+-------+---------------------------------------------+
; n              ; 16    ; Signed Integer                              ;
+----------------+-------+---------------------------------------------+
Note: In order to hide this table in the UI and the text report file, please set the "Show Parameter Settings in Synthesis Report" option in "Analysis and Synthesis Settings -> More Settings" to "Off".


+-----------------------------------------------------------------------------------------------------------------------------------------------------------------------------------------------------------------------------------------------------------------------------------------------------------------------------------------------------------------------------------------------------------------------------------------------------------------------------------------------------------------------------------------------------------------------------------+
; Parameter Settings for Inferred Entity Instance: sld_signaltap:auto_signaltap_0                                                                                                                                                                                                                                                                                                                                                                                                                                                                                                   ;
+-------------------------------------------------+----------------------------------------------------------------------------------------------------------------------------------------------------------------------------------------------------------------------------------------------------------------------------------------------------------------------------------------------------------------------------------------------------------------------------------------------------------------------------------------------------------------+----------------+
; Parameter Name                                  ; Value                                                                                                                                                                                                                                                                                                                                                                                                                                                                                                          ; Type           ;
+-------------------------------------------------+----------------------------------------------------------------------------------------------------------------------------------------------------------------------------------------------------------------------------------------------------------------------------------------------------------------------------------------------------------------------------------------------------------------------------------------------------------------------------------------------------------------+----------------+
; lpm_type                                        ; sld_signaltap                                                                                                                                                                                                                                                                                                                                                                                                                                                                                                  ; String         ;
; sld_node_info                                   ; 805334528                                                                                                                                                                                                                                                                                                                                                                                                                                                                                                      ; Untyped        ;
; SLD_SECTION_ID                                  ; hdl_signaltap_0                                                                                                                                                                                                                                                                                                                                                                                                                                                                                                ; String         ;
; SLD_IP_VERSION                                  ; 6                                                                                                                                                                                                                                                                                                                                                                                                                                                                                                              ; Signed Integer ;
; SLD_IP_MINOR_VERSION                            ; 0                                                                                                                                                                                                                                                                                                                                                                                                                                                                                                              ; Signed Integer ;
; SLD_COMMON_IP_VERSION                           ; 0                                                                                                                                                                                                                                                                                                                                                                                                                                                                                                              ; Signed Integer ;
; sld_data_bits                                   ; 157                                                                                                                                                                                                                                                                                                                                                                                                                                                                                                            ; Untyped        ;
; sld_trigger_bits                                ; 157                                                                                                                                                                                                                                                                                                                                                                                                                                                                                                            ; Untyped        ;
; SLD_NODE_CRC_BITS                               ; 32                                                                                                                                                                                                                                                                                                                                                                                                                                                                                                             ; Signed Integer ;
; SLD_NODE_CRC_HIWORD                             ; 41394                                                                                                                                                                                                                                                                                                                                                                                                                                                                                                          ; Signed Integer ;
; SLD_NODE_CRC_LOWORD                             ; 50132                                                                                                                                                                                                                                                                                                                                                                                                                                                                                                          ; Signed Integer ;
; sld_incremental_routing                         ; 1                                                                                                                                                                                                                                                                                                                                                                                                                                                                                                              ; Untyped        ;
; sld_sample_depth                                ; 512                                                                                                                                                                                                                                                                                                                                                                                                                                                                                                            ; Untyped        ;
; sld_segment_size                                ; 512                                                                                                                                                                                                                                                                                                                                                                                                                                                                                                            ; Untyped        ;
; sld_ram_block_type                              ; AUTO                                                                                                                                                                                                                                                                                                                                                                                                                                                                                                           ; Untyped        ;
; sld_state_bits                                  ; 11                                                                                                                                                                                                                                                                                                                                                                                                                                                                                                             ; Untyped        ;
; sld_buffer_full_stop                            ; 1                                                                                                                                                                                                                                                                                                                                                                                                                                                                                                              ; Untyped        ;
; SLD_MEM_ADDRESS_BITS                            ; 7                                                                                                                                                                                                                                                                                                                                                                                                                                                                                                              ; Signed Integer ;
; SLD_DATA_BIT_CNTR_BITS                          ; 4                                                                                                                                                                                                                                                                                                                                                                                                                                                                                                              ; Signed Integer ;
; sld_trigger_level                               ; 1                                                                                                                                                                                                                                                                                                                                                                                                                                                                                                              ; Untyped        ;
; sld_trigger_in_enabled                          ; 0                                                                                                                                                                                                                                                                                                                                                                                                                                                                                                              ; Untyped        ;
; SLD_HPS_TRIGGER_IN_ENABLED                      ; 0                                                                                                                                                                                                                                                                                                                                                                                                                                                                                                              ; Signed Integer ;
; SLD_HPS_TRIGGER_OUT_ENABLED                     ; 0                                                                                                                                                                                                                                                                                                                                                                                                                                                                                                              ; Signed Integer ;
; SLD_HPS_EVENT_ENABLED                           ; 0                                                                                                                                                                                                                                                                                                                                                                                                                                                                                                              ; Signed Integer ;
; SLD_HPS_EVENT_ID                                ; 0                                                                                                                                                                                                                                                                                                                                                                                                                                                                                                              ; Signed Integer ;
; sld_advanced_trigger_entity                     ; basic,1,                                                                                                                                                                                                                                                                                                                                                                                                                                                                                                       ; Untyped        ;
; sld_trigger_level_pipeline                      ; 1                                                                                                                                                                                                                                                                                                                                                                                                                                                                                                              ; Untyped        ;
; sld_trigger_pipeline                            ; 0                                                                                                                                                                                                                                                                                                                                                                                                                                                                                                              ; Untyped        ;
; sld_ram_pipeline                                ; 0                                                                                                                                                                                                                                                                                                                                                                                                                                                                                                              ; Untyped        ;
; sld_counter_pipeline                            ; 0                                                                                                                                                                                                                                                                                                                                                                                                                                                                                                              ; Untyped        ;
; sld_enable_advanced_trigger                     ; 0                                                                                                                                                                                                                                                                                                                                                                                                                                                                                                              ; Untyped        ;
; SLD_ADVANCED_TRIGGER_1                          ; NONE                                                                                                                                                                                                                                                                                                                                                                                                                                                                                                           ; String         ;
; SLD_ADVANCED_TRIGGER_2                          ; NONE                                                                                                                                                                                                                                                                                                                                                                                                                                                                                                           ; String         ;
; SLD_ADVANCED_TRIGGER_3                          ; NONE                                                                                                                                                                                                                                                                                                                                                                                                                                                                                                           ; String         ;
; SLD_ADVANCED_TRIGGER_4                          ; NONE                                                                                                                                                                                                                                                                                                                                                                                                                                                                                                           ; String         ;
; SLD_ADVANCED_TRIGGER_5                          ; NONE                                                                                                                                                                                                                                                                                                                                                                                                                                                                                                           ; String         ;
; SLD_ADVANCED_TRIGGER_6                          ; NONE                                                                                                                                                                                                                                                                                                                                                                                                                                                                                                           ; String         ;
; SLD_ADVANCED_TRIGGER_7                          ; NONE                                                                                                                                                                                                                                                                                                                                                                                                                                                                                                           ; String         ;
; SLD_ADVANCED_TRIGGER_8                          ; NONE                                                                                                                                                                                                                                                                                                                                                                                                                                                                                                           ; String         ;
; SLD_ADVANCED_TRIGGER_9                          ; NONE                                                                                                                                                                                                                                                                                                                                                                                                                                                                                                           ; String         ;
; SLD_ADVANCED_TRIGGER_10                         ; NONE                                                                                                                                                                                                                                                                                                                                                                                                                                                                                                           ; String         ;
; sld_inversion_mask_length                       ; 494                                                                                                                                                                                                                                                                                                                                                                                                                                                                                                            ; Untyped        ;
; sld_inversion_mask                              ; 00000000000000000000000000000000000000000000000000000000000000000000000000000000000000000000000000000000000000000000000000000000000000000000000000000000000000000000000000000000000000000000000000000000000000000000000000000000000000000000000000000000000000000000000000000000000000000000000000000000000000000000000000000000000000000000000000000000000000000000000000000000000000000000000000000000000000000000000000000000000000000000000000000000000000000000000000000000000000000000000000000000000000 ; Untyped        ;
; sld_power_up_trigger                            ; 0                                                                                                                                                                                                                                                                                                                                                                                                                                                                                                              ; Untyped        ;
; SLD_STATE_FLOW_MGR_ENTITY                       ; state_flow_mgr_entity.vhd                                                                                                                                                                                                                                                                                                                                                                                                                                                                                      ; String         ;
; sld_state_flow_use_generated                    ; 0                                                                                                                                                                                                                                                                                                                                                                                                                                                                                                              ; Untyped        ;
; sld_current_resource_width                      ; 1                                                                                                                                                                                                                                                                                                                                                                                                                                                                                                              ; Untyped        ;
; sld_attribute_mem_mode                          ; OFF                                                                                                                                                                                                                                                                                                                                                                                                                                                                                                            ; Untyped        ;
; sld_storage_qualifier_bits                      ; 157                                                                                                                                                                                                                                                                                                                                                                                                                                                                                                            ; Untyped        ;
; SLD_STORAGE_QUALIFIER_GAP_RECORD                ; 0                                                                                                                                                                                                                                                                                                                                                                                                                                                                                                              ; Signed Integer ;
; SLD_STORAGE_QUALIFIER_MODE                      ; OFF                                                                                                                                                                                                                                                                                                                                                                                                                                                                                                            ; String         ;
; SLD_STORAGE_QUALIFIER_ENABLE_ADVANCED_CONDITION ; 0                                                                                                                                                                                                                                                                                                                                                                                                                                                                                                              ; Signed Integer ;
; sld_storage_qualifier_inversion_mask_length     ; 0                                                                                                                                                                                                                                                                                                                                                                                                                                                                                                              ; Untyped        ;
; SLD_STORAGE_QUALIFIER_ADVANCED_CONDITION_ENTITY ; basic                                                                                                                                                                                                                                                                                                                                                                                                                                                                                                          ; String         ;
; SLD_STORAGE_QUALIFIER_PIPELINE                  ; 0                                                                                                                                                                                                                                                                                                                                                                                                                                                                                                              ; Signed Integer ;
; SLD_CREATE_MONITOR_INTERFACE                    ; 0                                                                                                                                                                                                                                                                                                                                                                                                                                                                                                              ; Signed Integer ;
; SLD_USE_JTAG_SIGNAL_ADAPTER                     ; 1                                                                                                                                                                                                                                                                                                                                                                                                                                                                                                              ; Signed Integer ;
+-------------------------------------------------+----------------------------------------------------------------------------------------------------------------------------------------------------------------------------------------------------------------------------------------------------------------------------------------------------------------------------------------------------------------------------------------------------------------------------------------------------------------------------------------------------------------+----------------+
Note: In order to hide this table in the UI and the text report file, please set the "Show Parameter Settings in Synthesis Report" option in "Analysis and Synthesis Settings -> More Settings" to "Off".


+----------------------------------------------------------------------+
; Port Connectivity Checks: "cpu:U|datapath:DP|ALU:U2|Full_Adder_A:U1" ;
+-------+--------+----------+------------------------------------------+
; Port  ; Type   ; Severity ; Details                                  ;
+-------+--------+----------+------------------------------------------+
; C_out ; Output ; Info     ; Explicitly unconnected                   ;
+-------+--------+----------+------------------------------------------+


+----------------------------------------------------------------------+
; Port Connectivity Checks: "cpu:U|datapath:DP|ALU:U2|Full_Adder_B:U0" ;
+------+--------+----------+-------------------------------------------+
; Port ; Type   ; Severity ; Details                                   ;
+------+--------+----------+-------------------------------------------+
; S    ; Output ; Info     ; Explicitly unconnected                    ;
+------+--------+----------+-------------------------------------------+


+-----------------------------------------------+
; Port Connectivity Checks: "cpu:U|datapath:DP" ;
+-------+-------+----------+--------------------+
; Port  ; Type  ; Severity ; Details            ;
+-------+-------+----------+--------------------+
; PC    ; Input ; Info     ; Stuck at GND       ;
; mdata ; Input ; Info     ; Stuck at GND       ;
+-------+-------+----------+--------------------+


+-------------------------------------------------------------------------------------------------------------------------------------------------------------------------------------------------------------------------------------------------------------------------+
; SignalTap II Logic Analyzer Settings                                                                                                                                                                                                                                    ;
+----------------+------------------+---------------------+------------------+--------------+----------+------------------------+----------------------+--------------------+-----------------------------+-----------------+------------------+--------------------------+
; Instance Index ; Instance Name    ; Trigger Input Width ; Data Input Width ; Sample Depth ; Segments ; Storage Qualifier Type ; Trigger Flow Control ; Trigger Conditions ; Advanced Trigger Conditions ; Trigger In Used ; Trigger Out Used ; Power-Up Trigger Enabled ;
+----------------+------------------+---------------------+------------------+--------------+----------+------------------------+----------------------+--------------------+-----------------------------+-----------------+------------------+--------------------------+
; 0              ; auto_signaltap_0 ; 157                 ; 157              ; 512          ; 1        ; continuous             ; sequential           ; 1                  ; 0                           ; no              ; no               ; no                       ;
+----------------+------------------+---------------------+------------------+--------------+----------+------------------------+----------------------+--------------------+-----------------------------+-----------------+------------------+--------------------------+


+-----------------------------------------------------+
; Post-Synthesis Netlist Statistics for Top Partition ;
+-----------------------+-----------------------------+
; Type                  ; Count                       ;
+-----------------------+-----------------------------+
; arriav_ff             ; 220                         ;
;     ENA               ; 194                         ;
;     ENA SLD           ; 17                          ;
;     plain             ; 9                           ;
; arriav_lcell_comb     ; 254                         ;
;     arith             ; 17                          ;
;         1 data inputs ; 1                           ;
;         5 data inputs ; 16                          ;
;     normal            ; 237                         ;
;         0 data inputs ; 2                           ;
;         1 data inputs ; 12                          ;
;         2 data inputs ; 21                          ;
;         3 data inputs ; 64                          ;
;         4 data inputs ; 46                          ;
;         5 data inputs ; 43                          ;
;         6 data inputs ; 49                          ;
; boundary_port         ; 130                         ;
;                       ;                             ;
; Max LUT depth         ; 5.50                        ;
; Average LUT depth     ; 2.97                        ;
+-----------------------+-----------------------------+


+-------------------------------+
; Elapsed Time Per Partition    ;
+----------------+--------------+
; Partition Name ; Elapsed Time ;
+----------------+--------------+
; Top            ; 00:00:00     ;
+----------------+--------------+


+---------------------------------------------------------------------------------------------------------------------------------------------------------------------------------------------------------------------------------------------------------------------------------------------------+
; Connections to In-System Debugging Instance "auto_signaltap_0"                                                                                                                                                                                                                                    ;
+----------------------+---------------+-----------+--------------------------------+-------------------+-------------------------------------+-----------------------------------------------------------------------------------------------------------------------------------------------------+
; Name                 ; Type          ; Status    ; Partition Name                 ; Netlist Type Used ; Actual Connection                   ; Details                                                                                                                                             ;
+----------------------+---------------+-----------+--------------------------------+-------------------+-------------------------------------+-----------------------------------------------------------------------------------------------------------------------------------------------------+
; CLOCK_50             ; pre-synthesis ; connected ; Top                            ; post-synthesis    ; CLOCK_50                            ; N/A                                                                                                                                                 ;
; KEY[0]               ; pre-synthesis ; connected ; Top                            ; post-synthesis    ; KEY[0]                              ; N/A                                                                                                                                                 ;
; KEY[0]               ; pre-synthesis ; connected ; Top                            ; post-synthesis    ; KEY[0]                              ; N/A                                                                                                                                                 ;
; KEY[1]               ; pre-synthesis ; connected ; Top                            ; post-synthesis    ; KEY[1]                              ; N/A                                                                                                                                                 ;
; KEY[1]               ; pre-synthesis ; connected ; Top                            ; post-synthesis    ; KEY[1]                              ; N/A                                                                                                                                                 ;
; KEY[2]               ; pre-synthesis ; connected ; Top                            ; post-synthesis    ; KEY[2]                              ; N/A                                                                                                                                                 ;
; KEY[2]               ; pre-synthesis ; connected ; Top                            ; post-synthesis    ; KEY[2]                              ; N/A                                                                                                                                                 ;
; KEY[3]               ; pre-synthesis ; connected ; Top                            ; post-synthesis    ; KEY[3]                              ; N/A                                                                                                                                                 ;
; KEY[3]               ; pre-synthesis ; connected ; Top                            ; post-synthesis    ; KEY[3]                              ; N/A                                                                                                                                                 ;
; LEDR[0]              ; pre-synthesis ; connected ; Top                            ; post-synthesis    ; input_iface:IN|LEDR[0]~0            ; N/A                                                                                                                                                 ;
; LEDR[0]              ; pre-synthesis ; connected ; Top                            ; post-synthesis    ; input_iface:IN|LEDR[0]~0            ; N/A                                                                                                                                                 ;
; LEDR[1]              ; pre-synthesis ; connected ; Top                            ; post-synthesis    ; input_iface:IN|LEDR[1]~1            ; N/A                                                                                                                                                 ;
; LEDR[1]              ; pre-synthesis ; connected ; Top                            ; post-synthesis    ; input_iface:IN|LEDR[1]~1            ; N/A                                                                                                                                                 ;
; LEDR[2]              ; pre-synthesis ; connected ; Top                            ; post-synthesis    ; input_iface:IN|LEDR[2]~2            ; N/A                                                                                                                                                 ;
; LEDR[2]              ; pre-synthesis ; connected ; Top                            ; post-synthesis    ; input_iface:IN|LEDR[2]~2            ; N/A                                                                                                                                                 ;
; LEDR[3]              ; pre-synthesis ; connected ; Top                            ; post-synthesis    ; input_iface:IN|LEDR[3]~3            ; N/A                                                                                                                                                 ;
; LEDR[3]              ; pre-synthesis ; connected ; Top                            ; post-synthesis    ; input_iface:IN|LEDR[3]~3            ; N/A                                                                                                                                                 ;
; LEDR[4]              ; pre-synthesis ; connected ; Top                            ; post-synthesis    ; input_iface:IN|LEDR[4]~4            ; N/A                                                                                                                                                 ;
; LEDR[4]              ; pre-synthesis ; connected ; Top                            ; post-synthesis    ; input_iface:IN|LEDR[4]~4            ; N/A                                                                                                                                                 ;
; LEDR[5]              ; pre-synthesis ; connected ; Top                            ; post-synthesis    ; input_iface:IN|LEDR[5]~5            ; N/A                                                                                                                                                 ;
; LEDR[5]              ; pre-synthesis ; connected ; Top                            ; post-synthesis    ; input_iface:IN|LEDR[5]~5            ; N/A                                                                                                                                                 ;
; LEDR[6]              ; pre-synthesis ; connected ; Top                            ; post-synthesis    ; input_iface:IN|LEDR[6]~6            ; N/A                                                                                                                                                 ;
; LEDR[6]              ; pre-synthesis ; connected ; Top                            ; post-synthesis    ; input_iface:IN|LEDR[6]~6            ; N/A                                                                                                                                                 ;
; LEDR[7]              ; pre-synthesis ; connected ; Top                            ; post-synthesis    ; input_iface:IN|LEDR[7]~7            ; N/A                                                                                                                                                 ;
; LEDR[7]              ; pre-synthesis ; connected ; Top                            ; post-synthesis    ; input_iface:IN|LEDR[7]~7            ; N/A                                                                                                                                                 ;
; LEDR[8]              ; pre-synthesis ; connected ; Top                            ; post-synthesis    ; ~GND                                ; N/A                                                                                                                                                 ;
; LEDR[8]              ; pre-synthesis ; connected ; Top                            ; post-synthesis    ; ~GND                                ; N/A                                                                                                                                                 ;
; LEDR[9]              ; pre-synthesis ; connected ; Top                            ; post-synthesis    ; cpu:U|FSM:U2|state.0000~_wirecell   ; N/A                                                                                                                                                 ;
; LEDR[9]              ; pre-synthesis ; connected ; Top                            ; post-synthesis    ; cpu:U|FSM:U2|state.0000~_wirecell   ; N/A                                                                                                                                                 ;
; SW[0]                ; pre-synthesis ; connected ; Top                            ; post-synthesis    ; SW[0]                               ; N/A                                                                                                                                                 ;
; SW[0]                ; pre-synthesis ; connected ; Top                            ; post-synthesis    ; SW[0]                               ; N/A                                                                                                                                                 ;
; SW[1]                ; pre-synthesis ; connected ; Top                            ; post-synthesis    ; SW[1]                               ; N/A                                                                                                                                                 ;
; SW[1]                ; pre-synthesis ; connected ; Top                            ; post-synthesis    ; SW[1]                               ; N/A                                                                                                                                                 ;
; SW[2]                ; pre-synthesis ; connected ; Top                            ; post-synthesis    ; SW[2]                               ; N/A                                                                                                                                                 ;
; SW[2]                ; pre-synthesis ; connected ; Top                            ; post-synthesis    ; SW[2]                               ; N/A                                                                                                                                                 ;
; SW[3]                ; pre-synthesis ; connected ; Top                            ; post-synthesis    ; SW[3]                               ; N/A                                                                                                                                                 ;
; SW[3]                ; pre-synthesis ; connected ; Top                            ; post-synthesis    ; SW[3]                               ; N/A                                                                                                                                                 ;
; SW[4]                ; pre-synthesis ; connected ; Top                            ; post-synthesis    ; SW[4]                               ; N/A                                                                                                                                                 ;
; SW[4]                ; pre-synthesis ; connected ; Top                            ; post-synthesis    ; SW[4]                               ; N/A                                                                                                                                                 ;
; SW[5]                ; pre-synthesis ; connected ; Top                            ; post-synthesis    ; SW[5]                               ; N/A                                                                                                                                                 ;
; SW[5]                ; pre-synthesis ; connected ; Top                            ; post-synthesis    ; SW[5]                               ; N/A                                                                                                                                                 ;
; SW[6]                ; pre-synthesis ; connected ; Top                            ; post-synthesis    ; SW[6]                               ; N/A                                                                                                                                                 ;
; SW[6]                ; pre-synthesis ; connected ; Top                            ; post-synthesis    ; SW[6]                               ; N/A                                                                                                                                                 ;
; SW[7]                ; pre-synthesis ; connected ; Top                            ; post-synthesis    ; SW[7]                               ; N/A                                                                                                                                                 ;
; SW[7]                ; pre-synthesis ; connected ; Top                            ; post-synthesis    ; SW[7]                               ; N/A                                                                                                                                                 ;
; SW[8]                ; pre-synthesis ; connected ; Top                            ; post-synthesis    ; SW[8]                               ; N/A                                                                                                                                                 ;
; SW[8]                ; pre-synthesis ; connected ; Top                            ; post-synthesis    ; SW[8]                               ; N/A                                                                                                                                                 ;
; SW[9]                ; pre-synthesis ; connected ; Top                            ; post-synthesis    ; SW[9]                               ; N/A                                                                                                                                                 ;
; SW[9]                ; pre-synthesis ; connected ; Top                            ; post-synthesis    ; SW[9]                               ; N/A                                                                                                                                                 ;
; cpu:U|ALUop[0]       ; pre-synthesis ; missing   ; Top                            ; post-synthesis    ; GND                                 ; The pre-synthesis tap must be preserved by Analysis & Synthesis before it can be tapped.  Set the partition's netlist type to Source and recompile. ;
; cpu:U|ALUop[0]       ; pre-synthesis ; missing   ; Top                            ; post-synthesis    ; GND                                 ; The pre-synthesis tap must be preserved by Analysis & Synthesis before it can be tapped.  Set the partition's netlist type to Source and recompile. ;
; cpu:U|ALUop[1]       ; pre-synthesis ; missing   ; Top                            ; post-synthesis    ; GND                                 ; The pre-synthesis tap must be preserved by Analysis & Synthesis before it can be tapped.  Set the partition's netlist type to Source and recompile. ;
; cpu:U|ALUop[1]       ; pre-synthesis ; missing   ; Top                            ; post-synthesis    ; GND                                 ; The pre-synthesis tap must be preserved by Analysis & Synthesis before it can be tapped.  Set the partition's netlist type to Source and recompile. ;
; cpu:U|FSM:U2|asel    ; pre-synthesis ; connected ; Top                            ; post-synthesis    ; cpu:U|FSM:U2|state.0101             ; N/A                                                                                                                                                 ;
; cpu:U|FSM:U2|asel    ; pre-synthesis ; connected ; Top                            ; post-synthesis    ; cpu:U|FSM:U2|state.0101             ; N/A                                                                                                                                                 ;
; cpu:U|FSM:U2|bsel    ; pre-synthesis ; connected ; Top                            ; post-synthesis    ; GND                                 ; N/A                                                                                                                                                 ;
; cpu:U|FSM:U2|bsel    ; pre-synthesis ; connected ; Top                            ; post-synthesis    ; GND                                 ; N/A                                                                                                                                                 ;
; cpu:U|FSM:U2|clk     ; pre-synthesis ; connected ; Top                            ; post-synthesis    ; KEY[0]~_wirecell                    ; N/A                                                                                                                                                 ;
; cpu:U|FSM:U2|clk     ; pre-synthesis ; connected ; Top                            ; post-synthesis    ; KEY[0]~_wirecell                    ; N/A                                                                                                                                                 ;
; cpu:U|FSM:U2|loada   ; pre-synthesis ; connected ; Top                            ; post-synthesis    ; cpu:U|FSM:U2|state.0100             ; N/A                                                                                                                                                 ;
; cpu:U|FSM:U2|loada   ; pre-synthesis ; connected ; Top                            ; post-synthesis    ; cpu:U|FSM:U2|state.0100             ; N/A                                                                                                                                                 ;
; cpu:U|FSM:U2|loadb   ; pre-synthesis ; connected ; Top                            ; post-synthesis    ; cpu:U|FSM:U2|state.0010             ; N/A                                                                                                                                                 ;
; cpu:U|FSM:U2|loadb   ; pre-synthesis ; connected ; Top                            ; post-synthesis    ; cpu:U|FSM:U2|state.0010             ; N/A                                                                                                                                                 ;
; cpu:U|FSM:U2|loadc   ; pre-synthesis ; connected ; Top                            ; post-synthesis    ; cpu:U|FSM:U2|loadc                  ; N/A                                                                                                                                                 ;
; cpu:U|FSM:U2|loadc   ; pre-synthesis ; connected ; Top                            ; post-synthesis    ; cpu:U|FSM:U2|loadc                  ; N/A                                                                                                                                                 ;
; cpu:U|FSM:U2|loads   ; pre-synthesis ; connected ; Top                            ; post-synthesis    ; cpu:U|FSM:U2|state.0111             ; N/A                                                                                                                                                 ;
; cpu:U|FSM:U2|loads   ; pre-synthesis ; connected ; Top                            ; post-synthesis    ; cpu:U|FSM:U2|state.0111             ; N/A                                                                                                                                                 ;
; cpu:U|FSM:U2|reset   ; pre-synthesis ; connected ; Top                            ; post-synthesis    ; KEY[1]~_wirecell                    ; N/A                                                                                                                                                 ;
; cpu:U|FSM:U2|reset   ; pre-synthesis ; connected ; Top                            ; post-synthesis    ; KEY[1]~_wirecell                    ; N/A                                                                                                                                                 ;
; cpu:U|FSM:U2|state   ; pre-synthesis ; missing   ; Top                            ; post-synthesis    ; GND                                 ; The pre-synthesis tap must be preserved by Analysis & Synthesis before it can be tapped.  Set the partition's netlist type to Source and recompile. ;
; cpu:U|FSM:U2|state   ; pre-synthesis ; missing   ; Top                            ; post-synthesis    ; GND                                 ; The pre-synthesis tap must be preserved by Analysis & Synthesis before it can be tapped.  Set the partition's netlist type to Source and recompile. ;
; cpu:U|N              ; pre-synthesis ; connected ; Top                            ; post-synthesis    ; cpu:U|datapath:DP|N_out             ; N/A                                                                                                                                                 ;
; cpu:U|N              ; pre-synthesis ; connected ; Top                            ; post-synthesis    ; cpu:U|datapath:DP|N_out             ; N/A                                                                                                                                                 ;
; cpu:U|V              ; pre-synthesis ; connected ; Top                            ; post-synthesis    ; cpu:U|datapath:DP|V_out             ; N/A                                                                                                                                                 ;
; cpu:U|V              ; pre-synthesis ; connected ; Top                            ; post-synthesis    ; cpu:U|datapath:DP|V_out             ; N/A                                                                                                                                                 ;
; cpu:U|Z              ; pre-synthesis ; connected ; Top                            ; post-synthesis    ; cpu:U|datapath:DP|Z_out             ; N/A                                                                                                                                                 ;
; cpu:U|Z              ; pre-synthesis ; connected ; Top                            ; post-synthesis    ; cpu:U|datapath:DP|Z_out             ; N/A                                                                                                                                                 ;
; cpu:U|in[0]          ; pre-synthesis ; connected ; Top                            ; post-synthesis    ; input_iface:IN|vDFF:REG|Q[0]        ; N/A                                                                                                                                                 ;
; cpu:U|in[0]          ; pre-synthesis ; connected ; Top                            ; post-synthesis    ; input_iface:IN|vDFF:REG|Q[0]        ; N/A                                                                                                                                                 ;
; cpu:U|in[10]         ; pre-synthesis ; connected ; Top                            ; post-synthesis    ; input_iface:IN|vDFF:REG|Q[10]       ; N/A                                                                                                                                                 ;
; cpu:U|in[10]         ; pre-synthesis ; connected ; Top                            ; post-synthesis    ; input_iface:IN|vDFF:REG|Q[10]       ; N/A                                                                                                                                                 ;
; cpu:U|in[11]         ; pre-synthesis ; connected ; Top                            ; post-synthesis    ; input_iface:IN|vDFF:REG|Q[11]       ; N/A                                                                                                                                                 ;
; cpu:U|in[11]         ; pre-synthesis ; connected ; Top                            ; post-synthesis    ; input_iface:IN|vDFF:REG|Q[11]       ; N/A                                                                                                                                                 ;
; cpu:U|in[12]         ; pre-synthesis ; connected ; Top                            ; post-synthesis    ; input_iface:IN|vDFF:REG|Q[12]       ; N/A                                                                                                                                                 ;
; cpu:U|in[12]         ; pre-synthesis ; connected ; Top                            ; post-synthesis    ; input_iface:IN|vDFF:REG|Q[12]       ; N/A                                                                                                                                                 ;
; cpu:U|in[13]         ; pre-synthesis ; connected ; Top                            ; post-synthesis    ; input_iface:IN|vDFF:REG|Q[13]       ; N/A                                                                                                                                                 ;
; cpu:U|in[13]         ; pre-synthesis ; connected ; Top                            ; post-synthesis    ; input_iface:IN|vDFF:REG|Q[13]       ; N/A                                                                                                                                                 ;
; cpu:U|in[14]         ; pre-synthesis ; connected ; Top                            ; post-synthesis    ; input_iface:IN|vDFF:REG|Q[14]       ; N/A                                                                                                                                                 ;
; cpu:U|in[14]         ; pre-synthesis ; connected ; Top                            ; post-synthesis    ; input_iface:IN|vDFF:REG|Q[14]       ; N/A                                                                                                                                                 ;
; cpu:U|in[15]         ; pre-synthesis ; connected ; Top                            ; post-synthesis    ; input_iface:IN|vDFF:REG|Q[15]       ; N/A                                                                                                                                                 ;
; cpu:U|in[15]         ; pre-synthesis ; connected ; Top                            ; post-synthesis    ; input_iface:IN|vDFF:REG|Q[15]       ; N/A                                                                                                                                                 ;
; cpu:U|in[1]          ; pre-synthesis ; connected ; Top                            ; post-synthesis    ; input_iface:IN|vDFF:REG|Q[1]        ; N/A                                                                                                                                                 ;
; cpu:U|in[1]          ; pre-synthesis ; connected ; Top                            ; post-synthesis    ; input_iface:IN|vDFF:REG|Q[1]        ; N/A                                                                                                                                                 ;
; cpu:U|in[2]          ; pre-synthesis ; connected ; Top                            ; post-synthesis    ; input_iface:IN|vDFF:REG|Q[2]        ; N/A                                                                                                                                                 ;
; cpu:U|in[2]          ; pre-synthesis ; connected ; Top                            ; post-synthesis    ; input_iface:IN|vDFF:REG|Q[2]        ; N/A                                                                                                                                                 ;
; cpu:U|in[3]          ; pre-synthesis ; connected ; Top                            ; post-synthesis    ; input_iface:IN|vDFF:REG|Q[3]        ; N/A                                                                                                                                                 ;
; cpu:U|in[3]          ; pre-synthesis ; connected ; Top                            ; post-synthesis    ; input_iface:IN|vDFF:REG|Q[3]        ; N/A                                                                                                                                                 ;
; cpu:U|in[4]          ; pre-synthesis ; connected ; Top                            ; post-synthesis    ; input_iface:IN|vDFF:REG|Q[4]        ; N/A                                                                                                                                                 ;
; cpu:U|in[4]          ; pre-synthesis ; connected ; Top                            ; post-synthesis    ; input_iface:IN|vDFF:REG|Q[4]        ; N/A                                                                                                                                                 ;
; cpu:U|in[5]          ; pre-synthesis ; connected ; Top                            ; post-synthesis    ; input_iface:IN|vDFF:REG|Q[5]        ; N/A                                                                                                                                                 ;
; cpu:U|in[5]          ; pre-synthesis ; connected ; Top                            ; post-synthesis    ; input_iface:IN|vDFF:REG|Q[5]        ; N/A                                                                                                                                                 ;
; cpu:U|in[6]          ; pre-synthesis ; connected ; Top                            ; post-synthesis    ; input_iface:IN|vDFF:REG|Q[6]        ; N/A                                                                                                                                                 ;
; cpu:U|in[6]          ; pre-synthesis ; connected ; Top                            ; post-synthesis    ; input_iface:IN|vDFF:REG|Q[6]        ; N/A                                                                                                                                                 ;
; cpu:U|in[7]          ; pre-synthesis ; connected ; Top                            ; post-synthesis    ; input_iface:IN|vDFF:REG|Q[7]        ; N/A                                                                                                                                                 ;
; cpu:U|in[7]          ; pre-synthesis ; connected ; Top                            ; post-synthesis    ; input_iface:IN|vDFF:REG|Q[7]        ; N/A                                                                                                                                                 ;
; cpu:U|in[8]          ; pre-synthesis ; connected ; Top                            ; post-synthesis    ; input_iface:IN|vDFF:REG|Q[8]        ; N/A                                                                                                                                                 ;
; cpu:U|in[8]          ; pre-synthesis ; connected ; Top                            ; post-synthesis    ; input_iface:IN|vDFF:REG|Q[8]        ; N/A                                                                                                                                                 ;
; cpu:U|in[9]          ; pre-synthesis ; connected ; Top                            ; post-synthesis    ; input_iface:IN|vDFF:REG|Q[9]        ; N/A                                                                                                                                                 ;
; cpu:U|in[9]          ; pre-synthesis ; connected ; Top                            ; post-synthesis    ; input_iface:IN|vDFF:REG|Q[9]        ; N/A                                                                                                                                                 ;
; cpu:U|in_decoder[0]  ; pre-synthesis ; connected ; Top                            ; post-synthesis    ; cpu:U|in_decoder[0]                 ; N/A                                                                                                                                                 ;
; cpu:U|in_decoder[0]  ; pre-synthesis ; connected ; Top                            ; post-synthesis    ; cpu:U|in_decoder[0]                 ; N/A                                                                                                                                                 ;
; cpu:U|in_decoder[10] ; pre-synthesis ; connected ; Top                            ; post-synthesis    ; cpu:U|in_decoder[10]                ; N/A                                                                                                                                                 ;
; cpu:U|in_decoder[10] ; pre-synthesis ; connected ; Top                            ; post-synthesis    ; cpu:U|in_decoder[10]                ; N/A                                                                                                                                                 ;
; cpu:U|in_decoder[11] ; pre-synthesis ; connected ; Top                            ; post-synthesis    ; cpu:U|in_decoder[11]                ; N/A                                                                                                                                                 ;
; cpu:U|in_decoder[11] ; pre-synthesis ; connected ; Top                            ; post-synthesis    ; cpu:U|in_decoder[11]                ; N/A                                                                                                                                                 ;
; cpu:U|in_decoder[12] ; pre-synthesis ; connected ; Top                            ; post-synthesis    ; cpu:U|in_decoder[12]                ; N/A                                                                                                                                                 ;
; cpu:U|in_decoder[12] ; pre-synthesis ; connected ; Top                            ; post-synthesis    ; cpu:U|in_decoder[12]                ; N/A                                                                                                                                                 ;
; cpu:U|in_decoder[13] ; pre-synthesis ; connected ; Top                            ; post-synthesis    ; cpu:U|in_decoder[13]                ; N/A                                                                                                                                                 ;
; cpu:U|in_decoder[13] ; pre-synthesis ; connected ; Top                            ; post-synthesis    ; cpu:U|in_decoder[13]                ; N/A                                                                                                                                                 ;
; cpu:U|in_decoder[14] ; pre-synthesis ; connected ; Top                            ; post-synthesis    ; cpu:U|in_decoder[14]                ; N/A                                                                                                                                                 ;
; cpu:U|in_decoder[14] ; pre-synthesis ; connected ; Top                            ; post-synthesis    ; cpu:U|in_decoder[14]                ; N/A                                                                                                                                                 ;
; cpu:U|in_decoder[15] ; pre-synthesis ; connected ; Top                            ; post-synthesis    ; cpu:U|in_decoder[15]                ; N/A                                                                                                                                                 ;
; cpu:U|in_decoder[15] ; pre-synthesis ; connected ; Top                            ; post-synthesis    ; cpu:U|in_decoder[15]                ; N/A                                                                                                                                                 ;
; cpu:U|in_decoder[1]  ; pre-synthesis ; connected ; Top                            ; post-synthesis    ; cpu:U|in_decoder[1]                 ; N/A                                                                                                                                                 ;
; cpu:U|in_decoder[1]  ; pre-synthesis ; connected ; Top                            ; post-synthesis    ; cpu:U|in_decoder[1]                 ; N/A                                                                                                                                                 ;
; cpu:U|in_decoder[2]  ; pre-synthesis ; connected ; Top                            ; post-synthesis    ; cpu:U|in_decoder[2]                 ; N/A                                                                                                                                                 ;
; cpu:U|in_decoder[2]  ; pre-synthesis ; connected ; Top                            ; post-synthesis    ; cpu:U|in_decoder[2]                 ; N/A                                                                                                                                                 ;
; cpu:U|in_decoder[3]  ; pre-synthesis ; connected ; Top                            ; post-synthesis    ; cpu:U|in_decoder[3]                 ; N/A                                                                                                                                                 ;
; cpu:U|in_decoder[3]  ; pre-synthesis ; connected ; Top                            ; post-synthesis    ; cpu:U|in_decoder[3]                 ; N/A                                                                                                                                                 ;
; cpu:U|in_decoder[4]  ; pre-synthesis ; connected ; Top                            ; post-synthesis    ; cpu:U|in_decoder[4]                 ; N/A                                                                                                                                                 ;
; cpu:U|in_decoder[4]  ; pre-synthesis ; connected ; Top                            ; post-synthesis    ; cpu:U|in_decoder[4]                 ; N/A                                                                                                                                                 ;
; cpu:U|in_decoder[5]  ; pre-synthesis ; connected ; Top                            ; post-synthesis    ; cpu:U|in_decoder[5]                 ; N/A                                                                                                                                                 ;
; cpu:U|in_decoder[5]  ; pre-synthesis ; connected ; Top                            ; post-synthesis    ; cpu:U|in_decoder[5]                 ; N/A                                                                                                                                                 ;
; cpu:U|in_decoder[6]  ; pre-synthesis ; connected ; Top                            ; post-synthesis    ; cpu:U|in_decoder[6]                 ; N/A                                                                                                                                                 ;
; cpu:U|in_decoder[6]  ; pre-synthesis ; connected ; Top                            ; post-synthesis    ; cpu:U|in_decoder[6]                 ; N/A                                                                                                                                                 ;
; cpu:U|in_decoder[7]  ; pre-synthesis ; connected ; Top                            ; post-synthesis    ; cpu:U|in_decoder[7]                 ; N/A                                                                                                                                                 ;
; cpu:U|in_decoder[7]  ; pre-synthesis ; connected ; Top                            ; post-synthesis    ; cpu:U|in_decoder[7]                 ; N/A                                                                                                                                                 ;
; cpu:U|in_decoder[8]  ; pre-synthesis ; connected ; Top                            ; post-synthesis    ; cpu:U|in_decoder[8]                 ; N/A                                                                                                                                                 ;
; cpu:U|in_decoder[8]  ; pre-synthesis ; connected ; Top                            ; post-synthesis    ; cpu:U|in_decoder[8]                 ; N/A                                                                                                                                                 ;
; cpu:U|in_decoder[9]  ; pre-synthesis ; connected ; Top                            ; post-synthesis    ; cpu:U|in_decoder[9]                 ; N/A                                                                                                                                                 ;
; cpu:U|in_decoder[9]  ; pre-synthesis ; connected ; Top                            ; post-synthesis    ; cpu:U|in_decoder[9]                 ; N/A                                                                                                                                                 ;
; cpu:U|load           ; pre-synthesis ; connected ; Top                            ; post-synthesis    ; KEY[3]~_wirecell                    ; N/A                                                                                                                                                 ;
; cpu:U|load           ; pre-synthesis ; connected ; Top                            ; post-synthesis    ; KEY[3]~_wirecell                    ; N/A                                                                                                                                                 ;
; cpu:U|nsel[0]        ; pre-synthesis ; missing   ; Top                            ; post-synthesis    ; GND                                 ; The pre-synthesis tap must be preserved by Analysis & Synthesis before it can be tapped.  Set the partition's netlist type to Source and recompile. ;
; cpu:U|nsel[0]        ; pre-synthesis ; missing   ; Top                            ; post-synthesis    ; GND                                 ; The pre-synthesis tap must be preserved by Analysis & Synthesis before it can be tapped.  Set the partition's netlist type to Source and recompile. ;
; cpu:U|nsel[1]        ; pre-synthesis ; missing   ; Top                            ; post-synthesis    ; GND                                 ; The pre-synthesis tap must be preserved by Analysis & Synthesis before it can be tapped.  Set the partition's netlist type to Source and recompile. ;
; cpu:U|nsel[1]        ; pre-synthesis ; missing   ; Top                            ; post-synthesis    ; GND                                 ; The pre-synthesis tap must be preserved by Analysis & Synthesis before it can be tapped.  Set the partition's netlist type to Source and recompile. ;
; cpu:U|nsel[2]        ; pre-synthesis ; missing   ; Top                            ; post-synthesis    ; GND                                 ; The pre-synthesis tap must be preserved by Analysis & Synthesis before it can be tapped.  Set the partition's netlist type to Source and recompile. ;
; cpu:U|nsel[2]        ; pre-synthesis ; missing   ; Top                            ; post-synthesis    ; GND                                 ; The pre-synthesis tap must be preserved by Analysis & Synthesis before it can be tapped.  Set the partition's netlist type to Source and recompile. ;
; cpu:U|op[0]          ; pre-synthesis ; missing   ; Top                            ; post-synthesis    ; GND                                 ; The pre-synthesis tap must be preserved by Analysis & Synthesis before it can be tapped.  Set the partition's netlist type to Source and recompile. ;
; cpu:U|op[0]          ; pre-synthesis ; missing   ; Top                            ; post-synthesis    ; GND                                 ; The pre-synthesis tap must be preserved by Analysis & Synthesis before it can be tapped.  Set the partition's netlist type to Source and recompile. ;
; cpu:U|op[1]          ; pre-synthesis ; missing   ; Top                            ; post-synthesis    ; GND                                 ; The pre-synthesis tap must be preserved by Analysis & Synthesis before it can be tapped.  Set the partition's netlist type to Source and recompile. ;
; cpu:U|op[1]          ; pre-synthesis ; missing   ; Top                            ; post-synthesis    ; GND                                 ; The pre-synthesis tap must be preserved by Analysis & Synthesis before it can be tapped.  Set the partition's netlist type to Source and recompile. ;
; cpu:U|opcode[0]      ; pre-synthesis ; missing   ; Top                            ; post-synthesis    ; GND                                 ; The pre-synthesis tap must be preserved by Analysis & Synthesis before it can be tapped.  Set the partition's netlist type to Source and recompile. ;
; cpu:U|opcode[0]      ; pre-synthesis ; missing   ; Top                            ; post-synthesis    ; GND                                 ; The pre-synthesis tap must be preserved by Analysis & Synthesis before it can be tapped.  Set the partition's netlist type to Source and recompile. ;
; cpu:U|opcode[1]      ; pre-synthesis ; missing   ; Top                            ; post-synthesis    ; GND                                 ; The pre-synthesis tap must be preserved by Analysis & Synthesis before it can be tapped.  Set the partition's netlist type to Source and recompile. ;
; cpu:U|opcode[1]      ; pre-synthesis ; missing   ; Top                            ; post-synthesis    ; GND                                 ; The pre-synthesis tap must be preserved by Analysis & Synthesis before it can be tapped.  Set the partition's netlist type to Source and recompile. ;
; cpu:U|opcode[2]      ; pre-synthesis ; missing   ; Top                            ; post-synthesis    ; GND                                 ; The pre-synthesis tap must be preserved by Analysis & Synthesis before it can be tapped.  Set the partition's netlist type to Source and recompile. ;
; cpu:U|opcode[2]      ; pre-synthesis ; missing   ; Top                            ; post-synthesis    ; GND                                 ; The pre-synthesis tap must be preserved by Analysis & Synthesis before it can be tapped.  Set the partition's netlist type to Source and recompile. ;
; cpu:U|out[0]         ; pre-synthesis ; connected ; Top                            ; post-synthesis    ; cpu:U|datapath:DP|datapath_out[0]   ; N/A                                                                                                                                                 ;
; cpu:U|out[0]         ; pre-synthesis ; connected ; Top                            ; post-synthesis    ; cpu:U|datapath:DP|datapath_out[0]   ; N/A                                                                                                                                                 ;
; cpu:U|out[10]        ; pre-synthesis ; connected ; Top                            ; post-synthesis    ; cpu:U|datapath:DP|datapath_out[10]  ; N/A                                                                                                                                                 ;
; cpu:U|out[10]        ; pre-synthesis ; connected ; Top                            ; post-synthesis    ; cpu:U|datapath:DP|datapath_out[10]  ; N/A                                                                                                                                                 ;
; cpu:U|out[11]        ; pre-synthesis ; connected ; Top                            ; post-synthesis    ; cpu:U|datapath:DP|datapath_out[11]  ; N/A                                                                                                                                                 ;
; cpu:U|out[11]        ; pre-synthesis ; connected ; Top                            ; post-synthesis    ; cpu:U|datapath:DP|datapath_out[11]  ; N/A                                                                                                                                                 ;
; cpu:U|out[12]        ; pre-synthesis ; connected ; Top                            ; post-synthesis    ; cpu:U|datapath:DP|datapath_out[12]  ; N/A                                                                                                                                                 ;
; cpu:U|out[12]        ; pre-synthesis ; connected ; Top                            ; post-synthesis    ; cpu:U|datapath:DP|datapath_out[12]  ; N/A                                                                                                                                                 ;
; cpu:U|out[13]        ; pre-synthesis ; connected ; Top                            ; post-synthesis    ; cpu:U|datapath:DP|datapath_out[13]  ; N/A                                                                                                                                                 ;
; cpu:U|out[13]        ; pre-synthesis ; connected ; Top                            ; post-synthesis    ; cpu:U|datapath:DP|datapath_out[13]  ; N/A                                                                                                                                                 ;
; cpu:U|out[14]        ; pre-synthesis ; connected ; Top                            ; post-synthesis    ; cpu:U|datapath:DP|datapath_out[14]  ; N/A                                                                                                                                                 ;
; cpu:U|out[14]        ; pre-synthesis ; connected ; Top                            ; post-synthesis    ; cpu:U|datapath:DP|datapath_out[14]  ; N/A                                                                                                                                                 ;
; cpu:U|out[15]        ; pre-synthesis ; connected ; Top                            ; post-synthesis    ; cpu:U|datapath:DP|datapath_out[15]  ; N/A                                                                                                                                                 ;
; cpu:U|out[15]        ; pre-synthesis ; connected ; Top                            ; post-synthesis    ; cpu:U|datapath:DP|datapath_out[15]  ; N/A                                                                                                                                                 ;
; cpu:U|out[1]         ; pre-synthesis ; connected ; Top                            ; post-synthesis    ; cpu:U|datapath:DP|datapath_out[1]   ; N/A                                                                                                                                                 ;
; cpu:U|out[1]         ; pre-synthesis ; connected ; Top                            ; post-synthesis    ; cpu:U|datapath:DP|datapath_out[1]   ; N/A                                                                                                                                                 ;
; cpu:U|out[2]         ; pre-synthesis ; connected ; Top                            ; post-synthesis    ; cpu:U|datapath:DP|datapath_out[2]   ; N/A                                                                                                                                                 ;
; cpu:U|out[2]         ; pre-synthesis ; connected ; Top                            ; post-synthesis    ; cpu:U|datapath:DP|datapath_out[2]   ; N/A                                                                                                                                                 ;
; cpu:U|out[3]         ; pre-synthesis ; connected ; Top                            ; post-synthesis    ; cpu:U|datapath:DP|datapath_out[3]   ; N/A                                                                                                                                                 ;
; cpu:U|out[3]         ; pre-synthesis ; connected ; Top                            ; post-synthesis    ; cpu:U|datapath:DP|datapath_out[3]   ; N/A                                                                                                                                                 ;
; cpu:U|out[4]         ; pre-synthesis ; connected ; Top                            ; post-synthesis    ; cpu:U|datapath:DP|datapath_out[4]   ; N/A                                                                                                                                                 ;
; cpu:U|out[4]         ; pre-synthesis ; connected ; Top                            ; post-synthesis    ; cpu:U|datapath:DP|datapath_out[4]   ; N/A                                                                                                                                                 ;
; cpu:U|out[5]         ; pre-synthesis ; connected ; Top                            ; post-synthesis    ; cpu:U|datapath:DP|datapath_out[5]   ; N/A                                                                                                                                                 ;
; cpu:U|out[5]         ; pre-synthesis ; connected ; Top                            ; post-synthesis    ; cpu:U|datapath:DP|datapath_out[5]   ; N/A                                                                                                                                                 ;
; cpu:U|out[6]         ; pre-synthesis ; connected ; Top                            ; post-synthesis    ; cpu:U|datapath:DP|datapath_out[6]   ; N/A                                                                                                                                                 ;
; cpu:U|out[6]         ; pre-synthesis ; connected ; Top                            ; post-synthesis    ; cpu:U|datapath:DP|datapath_out[6]   ; N/A                                                                                                                                                 ;
; cpu:U|out[7]         ; pre-synthesis ; connected ; Top                            ; post-synthesis    ; cpu:U|datapath:DP|datapath_out[7]   ; N/A                                                                                                                                                 ;
; cpu:U|out[7]         ; pre-synthesis ; connected ; Top                            ; post-synthesis    ; cpu:U|datapath:DP|datapath_out[7]   ; N/A                                                                                                                                                 ;
; cpu:U|out[8]         ; pre-synthesis ; connected ; Top                            ; post-synthesis    ; cpu:U|datapath:DP|datapath_out[8]   ; N/A                                                                                                                                                 ;
; cpu:U|out[8]         ; pre-synthesis ; connected ; Top                            ; post-synthesis    ; cpu:U|datapath:DP|datapath_out[8]   ; N/A                                                                                                                                                 ;
; cpu:U|out[9]         ; pre-synthesis ; connected ; Top                            ; post-synthesis    ; cpu:U|datapath:DP|datapath_out[9]   ; N/A                                                                                                                                                 ;
; cpu:U|out[9]         ; pre-synthesis ; connected ; Top                            ; post-synthesis    ; cpu:U|datapath:DP|datapath_out[9]   ; N/A                                                                                                                                                 ;
; cpu:U|readnum[0]     ; pre-synthesis ; missing   ; Top                            ; post-synthesis    ; GND                                 ; The pre-synthesis tap must be preserved by Analysis & Synthesis before it can be tapped.  Set the partition's netlist type to Source and recompile. ;
; cpu:U|readnum[0]     ; pre-synthesis ; missing   ; Top                            ; post-synthesis    ; GND                                 ; The pre-synthesis tap must be preserved by Analysis & Synthesis before it can be tapped.  Set the partition's netlist type to Source and recompile. ;
; cpu:U|readnum[1]     ; pre-synthesis ; missing   ; Top                            ; post-synthesis    ; GND                                 ; The pre-synthesis tap must be preserved by Analysis & Synthesis before it can be tapped.  Set the partition's netlist type to Source and recompile. ;
; cpu:U|readnum[1]     ; pre-synthesis ; missing   ; Top                            ; post-synthesis    ; GND                                 ; The pre-synthesis tap must be preserved by Analysis & Synthesis before it can be tapped.  Set the partition's netlist type to Source and recompile. ;
; cpu:U|readnum[2]     ; pre-synthesis ; missing   ; Top                            ; post-synthesis    ; GND                                 ; The pre-synthesis tap must be preserved by Analysis & Synthesis before it can be tapped.  Set the partition's netlist type to Source and recompile. ;
; cpu:U|readnum[2]     ; pre-synthesis ; missing   ; Top                            ; post-synthesis    ; GND                                 ; The pre-synthesis tap must be preserved by Analysis & Synthesis before it can be tapped.  Set the partition's netlist type to Source and recompile. ;
; cpu:U|reset          ; pre-synthesis ; connected ; Top                            ; post-synthesis    ; KEY[1]~_wirecell                    ; N/A                                                                                                                                                 ;
; cpu:U|reset          ; pre-synthesis ; connected ; Top                            ; post-synthesis    ; KEY[1]~_wirecell                    ; N/A                                                                                                                                                 ;
; cpu:U|s              ; pre-synthesis ; connected ; Top                            ; post-synthesis    ; KEY[2]~_wirecell                    ; N/A                                                                                                                                                 ;
; cpu:U|s              ; pre-synthesis ; connected ; Top                            ; post-synthesis    ; KEY[2]~_wirecell                    ; N/A                                                                                                                                                 ;
; cpu:U|shift[0]       ; pre-synthesis ; missing   ; Top                            ; post-synthesis    ; GND                                 ; The pre-synthesis tap must be preserved by Analysis & Synthesis before it can be tapped.  Set the partition's netlist type to Source and recompile. ;
; cpu:U|shift[0]       ; pre-synthesis ; missing   ; Top                            ; post-synthesis    ; GND                                 ; The pre-synthesis tap must be preserved by Analysis & Synthesis before it can be tapped.  Set the partition's netlist type to Source and recompile. ;
; cpu:U|shift[1]       ; pre-synthesis ; missing   ; Top                            ; post-synthesis    ; GND                                 ; The pre-synthesis tap must be preserved by Analysis & Synthesis before it can be tapped.  Set the partition's netlist type to Source and recompile. ;
; cpu:U|shift[1]       ; pre-synthesis ; missing   ; Top                            ; post-synthesis    ; GND                                 ; The pre-synthesis tap must be preserved by Analysis & Synthesis before it can be tapped.  Set the partition's netlist type to Source and recompile. ;
; cpu:U|sximm5[0]      ; pre-synthesis ; missing   ; Top                            ; post-synthesis    ; GND                                 ; The pre-synthesis tap must be preserved by Analysis & Synthesis before it can be tapped.  Set the partition's netlist type to Source and recompile. ;
; cpu:U|sximm5[0]      ; pre-synthesis ; missing   ; Top                            ; post-synthesis    ; GND                                 ; The pre-synthesis tap must be preserved by Analysis & Synthesis before it can be tapped.  Set the partition's netlist type to Source and recompile. ;
; cpu:U|sximm5[10]     ; pre-synthesis ; missing   ; Top                            ; post-synthesis    ; GND                                 ; The pre-synthesis tap must be preserved by Analysis & Synthesis before it can be tapped.  Set the partition's netlist type to Source and recompile. ;
; cpu:U|sximm5[10]     ; pre-synthesis ; missing   ; Top                            ; post-synthesis    ; GND                                 ; The pre-synthesis tap must be preserved by Analysis & Synthesis before it can be tapped.  Set the partition's netlist type to Source and recompile. ;
; cpu:U|sximm5[11]     ; pre-synthesis ; missing   ; Top                            ; post-synthesis    ; GND                                 ; The pre-synthesis tap must be preserved by Analysis & Synthesis before it can be tapped.  Set the partition's netlist type to Source and recompile. ;
; cpu:U|sximm5[11]     ; pre-synthesis ; missing   ; Top                            ; post-synthesis    ; GND                                 ; The pre-synthesis tap must be preserved by Analysis & Synthesis before it can be tapped.  Set the partition's netlist type to Source and recompile. ;
; cpu:U|sximm5[12]     ; pre-synthesis ; missing   ; Top                            ; post-synthesis    ; GND                                 ; The pre-synthesis tap must be preserved by Analysis & Synthesis before it can be tapped.  Set the partition's netlist type to Source and recompile. ;
; cpu:U|sximm5[12]     ; pre-synthesis ; missing   ; Top                            ; post-synthesis    ; GND                                 ; The pre-synthesis tap must be preserved by Analysis & Synthesis before it can be tapped.  Set the partition's netlist type to Source and recompile. ;
; cpu:U|sximm5[13]     ; pre-synthesis ; missing   ; Top                            ; post-synthesis    ; GND                                 ; The pre-synthesis tap must be preserved by Analysis & Synthesis before it can be tapped.  Set the partition's netlist type to Source and recompile. ;
; cpu:U|sximm5[13]     ; pre-synthesis ; missing   ; Top                            ; post-synthesis    ; GND                                 ; The pre-synthesis tap must be preserved by Analysis & Synthesis before it can be tapped.  Set the partition's netlist type to Source and recompile. ;
; cpu:U|sximm5[14]     ; pre-synthesis ; missing   ; Top                            ; post-synthesis    ; GND                                 ; The pre-synthesis tap must be preserved by Analysis & Synthesis before it can be tapped.  Set the partition's netlist type to Source and recompile. ;
; cpu:U|sximm5[14]     ; pre-synthesis ; missing   ; Top                            ; post-synthesis    ; GND                                 ; The pre-synthesis tap must be preserved by Analysis & Synthesis before it can be tapped.  Set the partition's netlist type to Source and recompile. ;
; cpu:U|sximm5[15]     ; pre-synthesis ; missing   ; Top                            ; post-synthesis    ; GND                                 ; The pre-synthesis tap must be preserved by Analysis & Synthesis before it can be tapped.  Set the partition's netlist type to Source and recompile. ;
; cpu:U|sximm5[15]     ; pre-synthesis ; missing   ; Top                            ; post-synthesis    ; GND                                 ; The pre-synthesis tap must be preserved by Analysis & Synthesis before it can be tapped.  Set the partition's netlist type to Source and recompile. ;
; cpu:U|sximm5[1]      ; pre-synthesis ; missing   ; Top                            ; post-synthesis    ; GND                                 ; The pre-synthesis tap must be preserved by Analysis & Synthesis before it can be tapped.  Set the partition's netlist type to Source and recompile. ;
; cpu:U|sximm5[1]      ; pre-synthesis ; missing   ; Top                            ; post-synthesis    ; GND                                 ; The pre-synthesis tap must be preserved by Analysis & Synthesis before it can be tapped.  Set the partition's netlist type to Source and recompile. ;
; cpu:U|sximm5[2]      ; pre-synthesis ; missing   ; Top                            ; post-synthesis    ; GND                                 ; The pre-synthesis tap must be preserved by Analysis & Synthesis before it can be tapped.  Set the partition's netlist type to Source and recompile. ;
; cpu:U|sximm5[2]      ; pre-synthesis ; missing   ; Top                            ; post-synthesis    ; GND                                 ; The pre-synthesis tap must be preserved by Analysis & Synthesis before it can be tapped.  Set the partition's netlist type to Source and recompile. ;
; cpu:U|sximm5[3]      ; pre-synthesis ; missing   ; Top                            ; post-synthesis    ; GND                                 ; The pre-synthesis tap must be preserved by Analysis & Synthesis before it can be tapped.  Set the partition's netlist type to Source and recompile. ;
; cpu:U|sximm5[3]      ; pre-synthesis ; missing   ; Top                            ; post-synthesis    ; GND                                 ; The pre-synthesis tap must be preserved by Analysis & Synthesis before it can be tapped.  Set the partition's netlist type to Source and recompile. ;
; cpu:U|sximm5[4]      ; pre-synthesis ; missing   ; Top                            ; post-synthesis    ; GND                                 ; The pre-synthesis tap must be preserved by Analysis & Synthesis before it can be tapped.  Set the partition's netlist type to Source and recompile. ;
; cpu:U|sximm5[4]      ; pre-synthesis ; missing   ; Top                            ; post-synthesis    ; GND                                 ; The pre-synthesis tap must be preserved by Analysis & Synthesis before it can be tapped.  Set the partition's netlist type to Source and recompile. ;
; cpu:U|sximm5[5]      ; pre-synthesis ; missing   ; Top                            ; post-synthesis    ; GND                                 ; The pre-synthesis tap must be preserved by Analysis & Synthesis before it can be tapped.  Set the partition's netlist type to Source and recompile. ;
; cpu:U|sximm5[5]      ; pre-synthesis ; missing   ; Top                            ; post-synthesis    ; GND                                 ; The pre-synthesis tap must be preserved by Analysis & Synthesis before it can be tapped.  Set the partition's netlist type to Source and recompile. ;
; cpu:U|sximm5[6]      ; pre-synthesis ; missing   ; Top                            ; post-synthesis    ; GND                                 ; The pre-synthesis tap must be preserved by Analysis & Synthesis before it can be tapped.  Set the partition's netlist type to Source and recompile. ;
; cpu:U|sximm5[6]      ; pre-synthesis ; missing   ; Top                            ; post-synthesis    ; GND                                 ; The pre-synthesis tap must be preserved by Analysis & Synthesis before it can be tapped.  Set the partition's netlist type to Source and recompile. ;
; cpu:U|sximm5[7]      ; pre-synthesis ; missing   ; Top                            ; post-synthesis    ; GND                                 ; The pre-synthesis tap must be preserved by Analysis & Synthesis before it can be tapped.  Set the partition's netlist type to Source and recompile. ;
; cpu:U|sximm5[7]      ; pre-synthesis ; missing   ; Top                            ; post-synthesis    ; GND                                 ; The pre-synthesis tap must be preserved by Analysis & Synthesis before it can be tapped.  Set the partition's netlist type to Source and recompile. ;
; cpu:U|sximm5[8]      ; pre-synthesis ; missing   ; Top                            ; post-synthesis    ; GND                                 ; The pre-synthesis tap must be preserved by Analysis & Synthesis before it can be tapped.  Set the partition's netlist type to Source and recompile. ;
; cpu:U|sximm5[8]      ; pre-synthesis ; missing   ; Top                            ; post-synthesis    ; GND                                 ; The pre-synthesis tap must be preserved by Analysis & Synthesis before it can be tapped.  Set the partition's netlist type to Source and recompile. ;
; cpu:U|sximm5[9]      ; pre-synthesis ; missing   ; Top                            ; post-synthesis    ; GND                                 ; The pre-synthesis tap must be preserved by Analysis & Synthesis before it can be tapped.  Set the partition's netlist type to Source and recompile. ;
; cpu:U|sximm5[9]      ; pre-synthesis ; missing   ; Top                            ; post-synthesis    ; GND                                 ; The pre-synthesis tap must be preserved by Analysis & Synthesis before it can be tapped.  Set the partition's netlist type to Source and recompile. ;
; cpu:U|sximm8[0]      ; pre-synthesis ; missing   ; Top                            ; post-synthesis    ; GND                                 ; The pre-synthesis tap must be preserved by Analysis & Synthesis before it can be tapped.  Set the partition's netlist type to Source and recompile. ;
; cpu:U|sximm8[0]      ; pre-synthesis ; missing   ; Top                            ; post-synthesis    ; GND                                 ; The pre-synthesis tap must be preserved by Analysis & Synthesis before it can be tapped.  Set the partition's netlist type to Source and recompile. ;
; cpu:U|sximm8[10]     ; pre-synthesis ; missing   ; Top                            ; post-synthesis    ; GND                                 ; The pre-synthesis tap must be preserved by Analysis & Synthesis before it can be tapped.  Set the partition's netlist type to Source and recompile. ;
; cpu:U|sximm8[10]     ; pre-synthesis ; missing   ; Top                            ; post-synthesis    ; GND                                 ; The pre-synthesis tap must be preserved by Analysis & Synthesis before it can be tapped.  Set the partition's netlist type to Source and recompile. ;
; cpu:U|sximm8[11]     ; pre-synthesis ; missing   ; Top                            ; post-synthesis    ; GND                                 ; The pre-synthesis tap must be preserved by Analysis & Synthesis before it can be tapped.  Set the partition's netlist type to Source and recompile. ;
; cpu:U|sximm8[11]     ; pre-synthesis ; missing   ; Top                            ; post-synthesis    ; GND                                 ; The pre-synthesis tap must be preserved by Analysis & Synthesis before it can be tapped.  Set the partition's netlist type to Source and recompile. ;
; cpu:U|sximm8[12]     ; pre-synthesis ; missing   ; Top                            ; post-synthesis    ; GND                                 ; The pre-synthesis tap must be preserved by Analysis & Synthesis before it can be tapped.  Set the partition's netlist type to Source and recompile. ;
; cpu:U|sximm8[12]     ; pre-synthesis ; missing   ; Top                            ; post-synthesis    ; GND                                 ; The pre-synthesis tap must be preserved by Analysis & Synthesis before it can be tapped.  Set the partition's netlist type to Source and recompile. ;
; cpu:U|sximm8[13]     ; pre-synthesis ; missing   ; Top                            ; post-synthesis    ; GND                                 ; The pre-synthesis tap must be preserved by Analysis & Synthesis before it can be tapped.  Set the partition's netlist type to Source and recompile. ;
; cpu:U|sximm8[13]     ; pre-synthesis ; missing   ; Top                            ; post-synthesis    ; GND                                 ; The pre-synthesis tap must be preserved by Analysis & Synthesis before it can be tapped.  Set the partition's netlist type to Source and recompile. ;
; cpu:U|sximm8[14]     ; pre-synthesis ; missing   ; Top                            ; post-synthesis    ; GND                                 ; The pre-synthesis tap must be preserved by Analysis & Synthesis before it can be tapped.  Set the partition's netlist type to Source and recompile. ;
; cpu:U|sximm8[14]     ; pre-synthesis ; missing   ; Top                            ; post-synthesis    ; GND                                 ; The pre-synthesis tap must be preserved by Analysis & Synthesis before it can be tapped.  Set the partition's netlist type to Source and recompile. ;
; cpu:U|sximm8[15]     ; pre-synthesis ; missing   ; Top                            ; post-synthesis    ; GND                                 ; The pre-synthesis tap must be preserved by Analysis & Synthesis before it can be tapped.  Set the partition's netlist type to Source and recompile. ;
; cpu:U|sximm8[15]     ; pre-synthesis ; missing   ; Top                            ; post-synthesis    ; GND                                 ; The pre-synthesis tap must be preserved by Analysis & Synthesis before it can be tapped.  Set the partition's netlist type to Source and recompile. ;
; cpu:U|sximm8[1]      ; pre-synthesis ; missing   ; Top                            ; post-synthesis    ; GND                                 ; The pre-synthesis tap must be preserved by Analysis & Synthesis before it can be tapped.  Set the partition's netlist type to Source and recompile. ;
; cpu:U|sximm8[1]      ; pre-synthesis ; missing   ; Top                            ; post-synthesis    ; GND                                 ; The pre-synthesis tap must be preserved by Analysis & Synthesis before it can be tapped.  Set the partition's netlist type to Source and recompile. ;
; cpu:U|sximm8[2]      ; pre-synthesis ; missing   ; Top                            ; post-synthesis    ; GND                                 ; The pre-synthesis tap must be preserved by Analysis & Synthesis before it can be tapped.  Set the partition's netlist type to Source and recompile. ;
; cpu:U|sximm8[2]      ; pre-synthesis ; missing   ; Top                            ; post-synthesis    ; GND                                 ; The pre-synthesis tap must be preserved by Analysis & Synthesis before it can be tapped.  Set the partition's netlist type to Source and recompile. ;
; cpu:U|sximm8[3]      ; pre-synthesis ; missing   ; Top                            ; post-synthesis    ; GND                                 ; The pre-synthesis tap must be preserved by Analysis & Synthesis before it can be tapped.  Set the partition's netlist type to Source and recompile. ;
; cpu:U|sximm8[3]      ; pre-synthesis ; missing   ; Top                            ; post-synthesis    ; GND                                 ; The pre-synthesis tap must be preserved by Analysis & Synthesis before it can be tapped.  Set the partition's netlist type to Source and recompile. ;
; cpu:U|sximm8[4]      ; pre-synthesis ; missing   ; Top                            ; post-synthesis    ; GND                                 ; The pre-synthesis tap must be preserved by Analysis & Synthesis before it can be tapped.  Set the partition's netlist type to Source and recompile. ;
; cpu:U|sximm8[4]      ; pre-synthesis ; missing   ; Top                            ; post-synthesis    ; GND                                 ; The pre-synthesis tap must be preserved by Analysis & Synthesis before it can be tapped.  Set the partition's netlist type to Source and recompile. ;
; cpu:U|sximm8[5]      ; pre-synthesis ; missing   ; Top                            ; post-synthesis    ; GND                                 ; The pre-synthesis tap must be preserved by Analysis & Synthesis before it can be tapped.  Set the partition's netlist type to Source and recompile. ;
; cpu:U|sximm8[5]      ; pre-synthesis ; missing   ; Top                            ; post-synthesis    ; GND                                 ; The pre-synthesis tap must be preserved by Analysis & Synthesis before it can be tapped.  Set the partition's netlist type to Source and recompile. ;
; cpu:U|sximm8[6]      ; pre-synthesis ; missing   ; Top                            ; post-synthesis    ; GND                                 ; The pre-synthesis tap must be preserved by Analysis & Synthesis before it can be tapped.  Set the partition's netlist type to Source and recompile. ;
; cpu:U|sximm8[6]      ; pre-synthesis ; missing   ; Top                            ; post-synthesis    ; GND                                 ; The pre-synthesis tap must be preserved by Analysis & Synthesis before it can be tapped.  Set the partition's netlist type to Source and recompile. ;
; cpu:U|sximm8[7]      ; pre-synthesis ; missing   ; Top                            ; post-synthesis    ; GND                                 ; The pre-synthesis tap must be preserved by Analysis & Synthesis before it can be tapped.  Set the partition's netlist type to Source and recompile. ;
; cpu:U|sximm8[7]      ; pre-synthesis ; missing   ; Top                            ; post-synthesis    ; GND                                 ; The pre-synthesis tap must be preserved by Analysis & Synthesis before it can be tapped.  Set the partition's netlist type to Source and recompile. ;
; cpu:U|sximm8[8]      ; pre-synthesis ; missing   ; Top                            ; post-synthesis    ; GND                                 ; The pre-synthesis tap must be preserved by Analysis & Synthesis before it can be tapped.  Set the partition's netlist type to Source and recompile. ;
; cpu:U|sximm8[8]      ; pre-synthesis ; missing   ; Top                            ; post-synthesis    ; GND                                 ; The pre-synthesis tap must be preserved by Analysis & Synthesis before it can be tapped.  Set the partition's netlist type to Source and recompile. ;
; cpu:U|sximm8[9]      ; pre-synthesis ; missing   ; Top                            ; post-synthesis    ; GND                                 ; The pre-synthesis tap must be preserved by Analysis & Synthesis before it can be tapped.  Set the partition's netlist type to Source and recompile. ;
; cpu:U|sximm8[9]      ; pre-synthesis ; missing   ; Top                            ; post-synthesis    ; GND                                 ; The pre-synthesis tap must be preserved by Analysis & Synthesis before it can be tapped.  Set the partition's netlist type to Source and recompile. ;
; cpu:U|vsel[0]        ; pre-synthesis ; missing   ; Top                            ; post-synthesis    ; GND                                 ; The pre-synthesis tap must be preserved by Analysis & Synthesis before it can be tapped.  Set the partition's netlist type to Source and recompile. ;
; cpu:U|vsel[0]        ; pre-synthesis ; missing   ; Top                            ; post-synthesis    ; GND                                 ; The pre-synthesis tap must be preserved by Analysis & Synthesis before it can be tapped.  Set the partition's netlist type to Source and recompile. ;
; cpu:U|vsel[1]        ; pre-synthesis ; missing   ; Top                            ; post-synthesis    ; GND                                 ; The pre-synthesis tap must be preserved by Analysis & Synthesis before it can be tapped.  Set the partition's netlist type to Source and recompile. ;
; cpu:U|vsel[1]        ; pre-synthesis ; missing   ; Top                            ; post-synthesis    ; GND                                 ; The pre-synthesis tap must be preserved by Analysis & Synthesis before it can be tapped.  Set the partition's netlist type to Source and recompile. ;
; cpu:U|w              ; pre-synthesis ; connected ; Top                            ; post-synthesis    ; cpu:U|FSM:U2|state.0000~_wirecell   ; N/A                                                                                                                                                 ;
; cpu:U|w              ; pre-synthesis ; connected ; Top                            ; post-synthesis    ; cpu:U|FSM:U2|state.0000~_wirecell   ; N/A                                                                                                                                                 ;
; cpu:U|write          ; pre-synthesis ; missing   ; Top                            ; post-synthesis    ; GND                                 ; The pre-synthesis tap must be preserved by Analysis & Synthesis before it can be tapped.  Set the partition's netlist type to Source and recompile. ;
; cpu:U|write          ; pre-synthesis ; missing   ; Top                            ; post-synthesis    ; GND                                 ; The pre-synthesis tap must be preserved by Analysis & Synthesis before it can be tapped.  Set the partition's netlist type to Source and recompile. ;
; cpu:U|writenum[0]    ; pre-synthesis ; missing   ; Top                            ; post-synthesis    ; GND                                 ; The pre-synthesis tap must be preserved by Analysis & Synthesis before it can be tapped.  Set the partition's netlist type to Source and recompile. ;
; cpu:U|writenum[0]    ; pre-synthesis ; missing   ; Top                            ; post-synthesis    ; GND                                 ; The pre-synthesis tap must be preserved by Analysis & Synthesis before it can be tapped.  Set the partition's netlist type to Source and recompile. ;
; cpu:U|writenum[1]    ; pre-synthesis ; missing   ; Top                            ; post-synthesis    ; GND                                 ; The pre-synthesis tap must be preserved by Analysis & Synthesis before it can be tapped.  Set the partition's netlist type to Source and recompile. ;
; cpu:U|writenum[1]    ; pre-synthesis ; missing   ; Top                            ; post-synthesis    ; GND                                 ; The pre-synthesis tap must be preserved by Analysis & Synthesis before it can be tapped.  Set the partition's netlist type to Source and recompile. ;
; cpu:U|writenum[2]    ; pre-synthesis ; missing   ; Top                            ; post-synthesis    ; GND                                 ; The pre-synthesis tap must be preserved by Analysis & Synthesis before it can be tapped.  Set the partition's netlist type to Source and recompile. ;
; cpu:U|writenum[2]    ; pre-synthesis ; missing   ; Top                            ; post-synthesis    ; GND                                 ; The pre-synthesis tap must be preserved by Analysis & Synthesis before it can be tapped.  Set the partition's netlist type to Source and recompile. ;
; out[0]               ; pre-synthesis ; missing   ; Top                            ; post-synthesis    ; GND                                 ; The pre-synthesis tap must be preserved by Analysis & Synthesis before it can be tapped.  Set the partition's netlist type to Source and recompile. ;
; out[0]               ; pre-synthesis ; missing   ; Top                            ; post-synthesis    ; GND                                 ; The pre-synthesis tap must be preserved by Analysis & Synthesis before it can be tapped.  Set the partition's netlist type to Source and recompile. ;
; out[10]              ; pre-synthesis ; missing   ; Top                            ; post-synthesis    ; GND                                 ; The pre-synthesis tap must be preserved by Analysis & Synthesis before it can be tapped.  Set the partition's netlist type to Source and recompile. ;
; out[10]              ; pre-synthesis ; missing   ; Top                            ; post-synthesis    ; GND                                 ; The pre-synthesis tap must be preserved by Analysis & Synthesis before it can be tapped.  Set the partition's netlist type to Source and recompile. ;
; out[11]              ; pre-synthesis ; missing   ; Top                            ; post-synthesis    ; GND                                 ; The pre-synthesis tap must be preserved by Analysis & Synthesis before it can be tapped.  Set the partition's netlist type to Source and recompile. ;
; out[11]              ; pre-synthesis ; missing   ; Top                            ; post-synthesis    ; GND                                 ; The pre-synthesis tap must be preserved by Analysis & Synthesis before it can be tapped.  Set the partition's netlist type to Source and recompile. ;
; out[12]              ; pre-synthesis ; missing   ; Top                            ; post-synthesis    ; GND                                 ; The pre-synthesis tap must be preserved by Analysis & Synthesis before it can be tapped.  Set the partition's netlist type to Source and recompile. ;
; out[12]              ; pre-synthesis ; missing   ; Top                            ; post-synthesis    ; GND                                 ; The pre-synthesis tap must be preserved by Analysis & Synthesis before it can be tapped.  Set the partition's netlist type to Source and recompile. ;
; out[13]              ; pre-synthesis ; missing   ; Top                            ; post-synthesis    ; GND                                 ; The pre-synthesis tap must be preserved by Analysis & Synthesis before it can be tapped.  Set the partition's netlist type to Source and recompile. ;
; out[13]              ; pre-synthesis ; missing   ; Top                            ; post-synthesis    ; GND                                 ; The pre-synthesis tap must be preserved by Analysis & Synthesis before it can be tapped.  Set the partition's netlist type to Source and recompile. ;
; out[14]              ; pre-synthesis ; missing   ; Top                            ; post-synthesis    ; GND                                 ; The pre-synthesis tap must be preserved by Analysis & Synthesis before it can be tapped.  Set the partition's netlist type to Source and recompile. ;
; out[14]              ; pre-synthesis ; missing   ; Top                            ; post-synthesis    ; GND                                 ; The pre-synthesis tap must be preserved by Analysis & Synthesis before it can be tapped.  Set the partition's netlist type to Source and recompile. ;
; out[15]              ; pre-synthesis ; missing   ; Top                            ; post-synthesis    ; GND                                 ; The pre-synthesis tap must be preserved by Analysis & Synthesis before it can be tapped.  Set the partition's netlist type to Source and recompile. ;
; out[15]              ; pre-synthesis ; missing   ; Top                            ; post-synthesis    ; GND                                 ; The pre-synthesis tap must be preserved by Analysis & Synthesis before it can be tapped.  Set the partition's netlist type to Source and recompile. ;
; out[1]               ; pre-synthesis ; missing   ; Top                            ; post-synthesis    ; GND                                 ; The pre-synthesis tap must be preserved by Analysis & Synthesis before it can be tapped.  Set the partition's netlist type to Source and recompile. ;
; out[1]               ; pre-synthesis ; missing   ; Top                            ; post-synthesis    ; GND                                 ; The pre-synthesis tap must be preserved by Analysis & Synthesis before it can be tapped.  Set the partition's netlist type to Source and recompile. ;
; out[2]               ; pre-synthesis ; missing   ; Top                            ; post-synthesis    ; GND                                 ; The pre-synthesis tap must be preserved by Analysis & Synthesis before it can be tapped.  Set the partition's netlist type to Source and recompile. ;
; out[2]               ; pre-synthesis ; missing   ; Top                            ; post-synthesis    ; GND                                 ; The pre-synthesis tap must be preserved by Analysis & Synthesis before it can be tapped.  Set the partition's netlist type to Source and recompile. ;
; out[3]               ; pre-synthesis ; missing   ; Top                            ; post-synthesis    ; GND                                 ; The pre-synthesis tap must be preserved by Analysis & Synthesis before it can be tapped.  Set the partition's netlist type to Source and recompile. ;
; out[3]               ; pre-synthesis ; missing   ; Top                            ; post-synthesis    ; GND                                 ; The pre-synthesis tap must be preserved by Analysis & Synthesis before it can be tapped.  Set the partition's netlist type to Source and recompile. ;
; out[4]               ; pre-synthesis ; missing   ; Top                            ; post-synthesis    ; GND                                 ; The pre-synthesis tap must be preserved by Analysis & Synthesis before it can be tapped.  Set the partition's netlist type to Source and recompile. ;
; out[4]               ; pre-synthesis ; missing   ; Top                            ; post-synthesis    ; GND                                 ; The pre-synthesis tap must be preserved by Analysis & Synthesis before it can be tapped.  Set the partition's netlist type to Source and recompile. ;
; out[5]               ; pre-synthesis ; missing   ; Top                            ; post-synthesis    ; GND                                 ; The pre-synthesis tap must be preserved by Analysis & Synthesis before it can be tapped.  Set the partition's netlist type to Source and recompile. ;
; out[5]               ; pre-synthesis ; missing   ; Top                            ; post-synthesis    ; GND                                 ; The pre-synthesis tap must be preserved by Analysis & Synthesis before it can be tapped.  Set the partition's netlist type to Source and recompile. ;
; out[6]               ; pre-synthesis ; missing   ; Top                            ; post-synthesis    ; GND                                 ; The pre-synthesis tap must be preserved by Analysis & Synthesis before it can be tapped.  Set the partition's netlist type to Source and recompile. ;
; out[6]               ; pre-synthesis ; missing   ; Top                            ; post-synthesis    ; GND                                 ; The pre-synthesis tap must be preserved by Analysis & Synthesis before it can be tapped.  Set the partition's netlist type to Source and recompile. ;
; out[7]               ; pre-synthesis ; missing   ; Top                            ; post-synthesis    ; GND                                 ; The pre-synthesis tap must be preserved by Analysis & Synthesis before it can be tapped.  Set the partition's netlist type to Source and recompile. ;
; out[7]               ; pre-synthesis ; missing   ; Top                            ; post-synthesis    ; GND                                 ; The pre-synthesis tap must be preserved by Analysis & Synthesis before it can be tapped.  Set the partition's netlist type to Source and recompile. ;
; out[8]               ; pre-synthesis ; missing   ; Top                            ; post-synthesis    ; GND                                 ; The pre-synthesis tap must be preserved by Analysis & Synthesis before it can be tapped.  Set the partition's netlist type to Source and recompile. ;
; out[8]               ; pre-synthesis ; missing   ; Top                            ; post-synthesis    ; GND                                 ; The pre-synthesis tap must be preserved by Analysis & Synthesis before it can be tapped.  Set the partition's netlist type to Source and recompile. ;
; out[9]               ; pre-synthesis ; missing   ; Top                            ; post-synthesis    ; GND                                 ; The pre-synthesis tap must be preserved by Analysis & Synthesis before it can be tapped.  Set the partition's netlist type to Source and recompile. ;
; out[9]               ; pre-synthesis ; missing   ; Top                            ; post-synthesis    ; GND                                 ; The pre-synthesis tap must be preserved by Analysis & Synthesis before it can be tapped.  Set the partition's netlist type to Source and recompile. ;
; auto_signaltap_0|gnd ; post-fitting  ; connected ; sld_signaltap:auto_signaltap_0 ; post-synthesis    ; sld_signaltap:auto_signaltap_0|~GND ; N/A                                                                                                                                                 ;
; auto_signaltap_0|gnd ; post-fitting  ; connected ; sld_signaltap:auto_signaltap_0 ; post-synthesis    ; sld_signaltap:auto_signaltap_0|~GND ; N/A                                                                                                                                                 ;
; auto_signaltap_0|gnd ; post-fitting  ; connected ; sld_signaltap:auto_signaltap_0 ; post-synthesis    ; sld_signaltap:auto_signaltap_0|~GND ; N/A                                                                                                                                                 ;
; auto_signaltap_0|gnd ; post-fitting  ; connected ; sld_signaltap:auto_signaltap_0 ; post-synthesis    ; sld_signaltap:auto_signaltap_0|~GND ; N/A                                                                                                                                                 ;
; auto_signaltap_0|gnd ; post-fitting  ; connected ; sld_signaltap:auto_signaltap_0 ; post-synthesis    ; sld_signaltap:auto_signaltap_0|~GND ; N/A                                                                                                                                                 ;
; auto_signaltap_0|gnd ; post-fitting  ; connected ; sld_signaltap:auto_signaltap_0 ; post-synthesis    ; sld_signaltap:auto_signaltap_0|~GND ; N/A                                                                                                                                                 ;
; auto_signaltap_0|gnd ; post-fitting  ; connected ; sld_signaltap:auto_signaltap_0 ; post-synthesis    ; sld_signaltap:auto_signaltap_0|~GND ; N/A                                                                                                                                                 ;
; auto_signaltap_0|gnd ; post-fitting  ; connected ; sld_signaltap:auto_signaltap_0 ; post-synthesis    ; sld_signaltap:auto_signaltap_0|~GND ; N/A                                                                                                                                                 ;
; auto_signaltap_0|gnd ; post-fitting  ; connected ; sld_signaltap:auto_signaltap_0 ; post-synthesis    ; sld_signaltap:auto_signaltap_0|~GND ; N/A                                                                                                                                                 ;
; auto_signaltap_0|gnd ; post-fitting  ; connected ; sld_signaltap:auto_signaltap_0 ; post-synthesis    ; sld_signaltap:auto_signaltap_0|~GND ; N/A                                                                                                                                                 ;
; auto_signaltap_0|gnd ; post-fitting  ; connected ; sld_signaltap:auto_signaltap_0 ; post-synthesis    ; sld_signaltap:auto_signaltap_0|~GND ; N/A                                                                                                                                                 ;
; auto_signaltap_0|gnd ; post-fitting  ; connected ; sld_signaltap:auto_signaltap_0 ; post-synthesis    ; sld_signaltap:auto_signaltap_0|~GND ; N/A                                                                                                                                                 ;
; auto_signaltap_0|gnd ; post-fitting  ; connected ; sld_signaltap:auto_signaltap_0 ; post-synthesis    ; sld_signaltap:auto_signaltap_0|~GND ; N/A                                                                                                                                                 ;
; auto_signaltap_0|gnd ; post-fitting  ; connected ; sld_signaltap:auto_signaltap_0 ; post-synthesis    ; sld_signaltap:auto_signaltap_0|~GND ; N/A                                                                                                                                                 ;
; auto_signaltap_0|gnd ; post-fitting  ; connected ; sld_signaltap:auto_signaltap_0 ; post-synthesis    ; sld_signaltap:auto_signaltap_0|~GND ; N/A                                                                                                                                                 ;
; auto_signaltap_0|gnd ; post-fitting  ; connected ; sld_signaltap:auto_signaltap_0 ; post-synthesis    ; sld_signaltap:auto_signaltap_0|~GND ; N/A                                                                                                                                                 ;
; auto_signaltap_0|gnd ; post-fitting  ; connected ; sld_signaltap:auto_signaltap_0 ; post-synthesis    ; sld_signaltap:auto_signaltap_0|~GND ; N/A                                                                                                                                                 ;
; auto_signaltap_0|vcc ; post-fitting  ; connected ; sld_signaltap:auto_signaltap_0 ; post-synthesis    ; sld_signaltap:auto_signaltap_0|~VCC ; N/A                                                                                                                                                 ;
; auto_signaltap_0|vcc ; post-fitting  ; connected ; sld_signaltap:auto_signaltap_0 ; post-synthesis    ; sld_signaltap:auto_signaltap_0|~VCC ; N/A                                                                                                                                                 ;
; auto_signaltap_0|vcc ; post-fitting  ; connected ; sld_signaltap:auto_signaltap_0 ; post-synthesis    ; sld_signaltap:auto_signaltap_0|~VCC ; N/A                                                                                                                                                 ;
; auto_signaltap_0|vcc ; post-fitting  ; connected ; sld_signaltap:auto_signaltap_0 ; post-synthesis    ; sld_signaltap:auto_signaltap_0|~VCC ; N/A                                                                                                                                                 ;
; auto_signaltap_0|vcc ; post-fitting  ; connected ; sld_signaltap:auto_signaltap_0 ; post-synthesis    ; sld_signaltap:auto_signaltap_0|~VCC ; N/A                                                                                                                                                 ;
; auto_signaltap_0|vcc ; post-fitting  ; connected ; sld_signaltap:auto_signaltap_0 ; post-synthesis    ; sld_signaltap:auto_signaltap_0|~VCC ; N/A                                                                                                                                                 ;
; auto_signaltap_0|vcc ; post-fitting  ; connected ; sld_signaltap:auto_signaltap_0 ; post-synthesis    ; sld_signaltap:auto_signaltap_0|~VCC ; N/A                                                                                                                                                 ;
; auto_signaltap_0|vcc ; post-fitting  ; connected ; sld_signaltap:auto_signaltap_0 ; post-synthesis    ; sld_signaltap:auto_signaltap_0|~VCC ; N/A                                                                                                                                                 ;
; auto_signaltap_0|vcc ; post-fitting  ; connected ; sld_signaltap:auto_signaltap_0 ; post-synthesis    ; sld_signaltap:auto_signaltap_0|~VCC ; N/A                                                                                                                                                 ;
; auto_signaltap_0|vcc ; post-fitting  ; connected ; sld_signaltap:auto_signaltap_0 ; post-synthesis    ; sld_signaltap:auto_signaltap_0|~VCC ; N/A                                                                                                                                                 ;
; auto_signaltap_0|vcc ; post-fitting  ; connected ; sld_signaltap:auto_signaltap_0 ; post-synthesis    ; sld_signaltap:auto_signaltap_0|~VCC ; N/A                                                                                                                                                 ;
; auto_signaltap_0|vcc ; post-fitting  ; connected ; sld_signaltap:auto_signaltap_0 ; post-synthesis    ; sld_signaltap:auto_signaltap_0|~VCC ; N/A                                                                                                                                                 ;
; auto_signaltap_0|vcc ; post-fitting  ; connected ; sld_signaltap:auto_signaltap_0 ; post-synthesis    ; sld_signaltap:auto_signaltap_0|~VCC ; N/A                                                                                                                                                 ;
; auto_signaltap_0|vcc ; post-fitting  ; connected ; sld_signaltap:auto_signaltap_0 ; post-synthesis    ; sld_signaltap:auto_signaltap_0|~VCC ; N/A                                                                                                                                                 ;
; auto_signaltap_0|vcc ; post-fitting  ; connected ; sld_signaltap:auto_signaltap_0 ; post-synthesis    ; sld_signaltap:auto_signaltap_0|~VCC ; N/A                                                                                                                                                 ;
+----------------------+---------------+-----------+--------------------------------+-------------------+-------------------------------------+-----------------------------------------------------------------------------------------------------------------------------------------------------+


+-------------------------------+
; Analysis & Synthesis Messages ;
+-------------------------------+
Info: *******************************************************************
Info: Running Quartus Prime Analysis & Synthesis
    Info: Version 16.1.2 Build 203 01/18/2017 SJ Lite Edition
    Info: Processing started: Thu Aug 13 02:45:49 2026
Info: Command: quartus_map --read_settings_files=on --write_settings_files=off lab6_top -c lab6_top
Warning (18236): Number of processors has not been specified which may cause overloading on shared machines.  Set the global assignment NUM_PARALLEL_PROCESSORS in your QSF to an appropriate value for best performance.
Info (20030): Parallel compilation is enabled and will use 12 of the 12 processors detected
Info (12021): Found 1 design units, including 1 entities, in source file /users/2005b/onedrive/desktop/courses/cpen 211/labs/lab 6/rtl/shifter.sv
    Info (12023): Found entity 1: shifter File: C:/Users/2005B/OneDrive/Desktop/Courses/CPEN 211/Labs/Lab 6/RTL/shifter.sv Line: 1
Info (12021): Found 1 design units, including 1 entities, in source file /users/2005b/onedrive/desktop/courses/cpen 211/labs/lab 6/rtl/regfile.sv
    Info (12023): Found entity 1: regfile File: C:/Users/2005B/OneDrive/Desktop/Courses/CPEN 211/Labs/Lab 6/RTL/regfile.sv Line: 1
Info (12021): Found 4 design units, including 4 entities, in source file /users/2005b/onedrive/desktop/courses/cpen 211/labs/lab 6/rtl/lab6_top.sv
    Info (12023): Found entity 1: lab6_top File: C:/Users/2005B/OneDrive/Desktop/Courses/CPEN 211/Labs/Lab 6/RTL/lab6_top.sv Line: 32
    Info (12023): Found entity 2: input_iface File: C:/Users/2005B/OneDrive/Desktop/Courses/CPEN 211/Labs/Lab 6/RTL/lab6_top.sv Line: 68
    Info (12023): Found entity 3: vDFF File: C:/Users/2005B/OneDrive/Desktop/Courses/CPEN 211/Labs/Lab 6/RTL/lab6_top.sv Line: 79
    Info (12023): Found entity 4: sseg File: C:/Users/2005B/OneDrive/Desktop/Courses/CPEN 211/Labs/Lab 6/RTL/lab6_top.sv Line: 96
Info (12021): Found 1 design units, including 1 entities, in source file /users/2005b/onedrive/desktop/courses/cpen 211/labs/lab 6/rtl/instruction_decoder.sv
    Info (12023): Found entity 1: Instruction_Decoder File: C:/Users/2005B/OneDrive/Desktop/Courses/CPEN 211/Labs/Lab 6/RTL/Instruction_Decoder.sv Line: 1
Info (12021): Found 1 design units, including 1 entities, in source file /users/2005b/onedrive/desktop/courses/cpen 211/labs/lab 6/rtl/fsm.sv
    Info (12023): Found entity 1: FSM File: C:/Users/2005B/OneDrive/Desktop/Courses/CPEN 211/Labs/Lab 6/RTL/FSM.sv Line: 11
Info (12021): Found 1 design units, including 1 entities, in source file /users/2005b/onedrive/desktop/courses/cpen 211/labs/lab 6/rtl/datapath.sv
    Info (12023): Found entity 1: datapath File: C:/Users/2005B/OneDrive/Desktop/Courses/CPEN 211/Labs/Lab 6/RTL/datapath.sv Line: 1
Info (12021): Found 1 design units, including 1 entities, in source file /users/2005b/onedrive/desktop/courses/cpen 211/labs/lab 6/rtl/cpu.sv
    Info (12023): Found entity 1: cpu File: C:/Users/2005B/OneDrive/Desktop/Courses/CPEN 211/Labs/Lab 6/RTL/cpu.sv Line: 1
Info (12021): Found 3 design units, including 3 entities, in source file /users/2005b/onedrive/desktop/courses/cpen 211/labs/lab 6/rtl/alu.sv
    Info (12023): Found entity 1: ALU File: C:/Users/2005B/OneDrive/Desktop/Courses/CPEN 211/Labs/Lab 6/RTL/ALU.sv Line: 1
    Info (12023): Found entity 2: Full_Adder_A File: C:/Users/2005B/OneDrive/Desktop/Courses/CPEN 211/Labs/Lab 6/RTL/ALU.sv Line: 63
    Info (12023): Found entity 3: Full_Adder_B File: C:/Users/2005B/OneDrive/Desktop/Courses/CPEN 211/Labs/Lab 6/RTL/ALU.sv Line: 73
Info (12127): Elaborating entity "lab6_top" for the top level hierarchy
Info (12128): Elaborating entity "input_iface" for hierarchy "input_iface:IN" File: C:/Users/2005B/OneDrive/Desktop/Courses/CPEN 211/Labs/Lab 6/RTL/lab6_top.sv Line: 40
Info (12128): Elaborating entity "vDFF" for hierarchy "input_iface:IN|vDFF:REG" File: C:/Users/2005B/OneDrive/Desktop/Courses/CPEN 211/Labs/Lab 6/RTL/lab6_top.sv Line: 75
Info (12128): Elaborating entity "cpu" for hierarchy "cpu:U" File: C:/Users/2005B/OneDrive/Desktop/Courses/CPEN 211/Labs/Lab 6/RTL/lab6_top.sv Line: 52
Info (12128): Elaborating entity "Instruction_Decoder" for hierarchy "cpu:U|Instruction_Decoder:U0" File: C:/Users/2005B/OneDrive/Desktop/Courses/CPEN 211/Labs/Lab 6/RTL/cpu.sv Line: 30
Warning (10230): Verilog HDL assignment warning at Instruction_Decoder.sv(23): truncated value with size 32 to match size of target (3) File: C:/Users/2005B/OneDrive/Desktop/Courses/CPEN 211/Labs/Lab 6/RTL/Instruction_Decoder.sv Line: 23
Warning (10230): Verilog HDL assignment warning at Instruction_Decoder.sv(28): truncated value with size 32 to match size of target (3) File: C:/Users/2005B/OneDrive/Desktop/Courses/CPEN 211/Labs/Lab 6/RTL/Instruction_Decoder.sv Line: 28
Info (12128): Elaborating entity "datapath" for hierarchy "cpu:U|datapath:DP" File: C:/Users/2005B/OneDrive/Desktop/Courses/CPEN 211/Labs/Lab 6/RTL/cpu.sv Line: 54
Info (12128): Elaborating entity "regfile" for hierarchy "cpu:U|datapath:DP|regfile:REGFILE" File: C:/Users/2005B/OneDrive/Desktop/Courses/CPEN 211/Labs/Lab 6/RTL/datapath.sv Line: 22
Info (12128): Elaborating entity "shifter" for hierarchy "cpu:U|datapath:DP|shifter:U1" File: C:/Users/2005B/OneDrive/Desktop/Courses/CPEN 211/Labs/Lab 6/RTL/datapath.sv Line: 28
Info (12128): Elaborating entity "ALU" for hierarchy "cpu:U|datapath:DP|ALU:U2" File: C:/Users/2005B/OneDrive/Desktop/Courses/CPEN 211/Labs/Lab 6/RTL/datapath.sv Line: 38
Info (12128): Elaborating entity "Full_Adder_B" for hierarchy "cpu:U|datapath:DP|ALU:U2|Full_Adder_B:U0" File: C:/Users/2005B/OneDrive/Desktop/Courses/CPEN 211/Labs/Lab 6/RTL/ALU.sv Line: 16
Info (12128): Elaborating entity "Full_Adder_A" for hierarchy "cpu:U|datapath:DP|ALU:U2|Full_Adder_A:U1" File: C:/Users/2005B/OneDrive/Desktop/Courses/CPEN 211/Labs/Lab 6/RTL/ALU.sv Line: 24
Info (12128): Elaborating entity "FSM" for hierarchy "cpu:U|FSM:U2" File: C:/Users/2005B/OneDrive/Desktop/Courses/CPEN 211/Labs/Lab 6/RTL/cpu.sv Line: 72
Info (12128): Elaborating entity "sseg" for hierarchy "sseg:H0" File: C:/Users/2005B/OneDrive/Desktop/Courses/CPEN 211/Labs/Lab 6/RTL/lab6_top.sv Line: 59
Info (12021): Found 1 design units, including 1 entities, in source file db/altsyncram_ue84.tdf
    Info (12023): Found entity 1: altsyncram_ue84 File: C:/Users/2005B/OneDrive/Desktop/Courses/CPEN 211/Labs/Lab 6 Quartus/db/altsyncram_ue84.tdf Line: 28
Info (12021): Found 1 design units, including 1 entities, in source file db/mux_ilc.tdf
    Info (12023): Found entity 1: mux_ilc File: C:/Users/2005B/OneDrive/Desktop/Courses/CPEN 211/Labs/Lab 6 Quartus/db/mux_ilc.tdf Line: 23
Info (12021): Found 1 design units, including 1 entities, in source file db/decode_vnf.tdf
    Info (12023): Found entity 1: decode_vnf File: C:/Users/2005B/OneDrive/Desktop/Courses/CPEN 211/Labs/Lab 6 Quartus/db/decode_vnf.tdf Line: 23
Info (12021): Found 1 design units, including 1 entities, in source file db/cntr_rai.tdf
    Info (12023): Found entity 1: cntr_rai File: C:/Users/2005B/OneDrive/Desktop/Courses/CPEN 211/Labs/Lab 6 Quartus/db/cntr_rai.tdf Line: 28
Info (12021): Found 1 design units, including 1 entities, in source file db/cmpr_g9c.tdf
    Info (12023): Found entity 1: cmpr_g9c File: C:/Users/2005B/OneDrive/Desktop/Courses/CPEN 211/Labs/Lab 6 Quartus/db/cmpr_g9c.tdf Line: 23
Info (12021): Found 1 design units, including 1 entities, in source file db/cntr_3vi.tdf
    Info (12023): Found entity 1: cntr_3vi File: C:/Users/2005B/OneDrive/Desktop/Courses/CPEN 211/Labs/Lab 6 Quartus/db/cntr_3vi.tdf Line: 26
Info (12021): Found 1 design units, including 1 entities, in source file db/cntr_59i.tdf
    Info (12023): Found entity 1: cntr_59i File: C:/Users/2005B/OneDrive/Desktop/Courses/CPEN 211/Labs/Lab 6 Quartus/db/cntr_59i.tdf Line: 28
Info (12021): Found 1 design units, including 1 entities, in source file db/cmpr_d9c.tdf
    Info (12023): Found entity 1: cmpr_d9c File: C:/Users/2005B/OneDrive/Desktop/Courses/CPEN 211/Labs/Lab 6 Quartus/db/cmpr_d9c.tdf Line: 23
Info (12021): Found 1 design units, including 1 entities, in source file db/cntr_kri.tdf
    Info (12023): Found entity 1: cntr_kri File: C:/Users/2005B/OneDrive/Desktop/Courses/CPEN 211/Labs/Lab 6 Quartus/db/cntr_kri.tdf Line: 28
Info (12021): Found 1 design units, including 1 entities, in source file db/cmpr_99c.tdf
    Info (12023): Found entity 1: cmpr_99c File: C:/Users/2005B/OneDrive/Desktop/Courses/CPEN 211/Labs/Lab 6 Quartus/db/cmpr_99c.tdf Line: 23
Info (12033): Analysis and Synthesis generated SignalTap II or debug node instance "auto_signaltap_0"
Info (11170): Starting IP generation for the debug fabric: alt_sld_fab.
Info (11172): 2026.08.13.02:46:03 Progress: Loading sldf56b9d30/alt_sld_fab_wrapper_hw.tcl
Info (11172): Alt_sld_fab.alt_sld_fab: SLD fabric agents which did not specify prefer_host were connected to JTAG
Info (11172): Alt_sld_fab: Generating alt_sld_fab "alt_sld_fab" for QUARTUS_SYNTH
Info (11172): Alt_sld_fab: "alt_sld_fab" instantiated alt_sld_fab "alt_sld_fab"
Info (11172): Presplit: "alt_sld_fab" instantiated altera_super_splitter "presplit"
Info (11172): Splitter: "alt_sld_fab" instantiated altera_sld_splitter "splitter"
Info (11172): Sldfabric: "alt_sld_fab" instantiated altera_sld_jtag_hub "sldfabric"
Info (11172): Ident: "alt_sld_fab" instantiated altera_connection_identification_hub "ident"
Info (11172): Alt_sld_fab: Done "alt_sld_fab" with 6 modules, 6 files
Info (11171): Finished IP generation for the debug fabric: alt_sld_fab.
Info (12021): Found 1 design units, including 1 entities, in source file db/ip/sldf56b9d30/alt_sld_fab.v
    Info (12023): Found entity 1: alt_sld_fab File: C:/Users/2005B/OneDrive/Desktop/Courses/CPEN 211/Labs/Lab 6 Quartus/db/ip/sldf56b9d30/alt_sld_fab.v Line: 9
Info (12021): Found 1 design units, including 1 entities, in source file db/ip/sldf56b9d30/submodules/alt_sld_fab_alt_sld_fab.v
    Info (12023): Found entity 1: alt_sld_fab_alt_sld_fab File: C:/Users/2005B/OneDrive/Desktop/Courses/CPEN 211/Labs/Lab 6 Quartus/db/ip/sldf56b9d30/submodules/alt_sld_fab_alt_sld_fab.v Line: 9
Info (12021): Found 1 design units, including 1 entities, in source file db/ip/sldf56b9d30/submodules/alt_sld_fab_alt_sld_fab_ident.sv
    Info (12023): Found entity 1: alt_sld_fab_alt_sld_fab_ident File: C:/Users/2005B/OneDrive/Desktop/Courses/CPEN 211/Labs/Lab 6 Quartus/db/ip/sldf56b9d30/submodules/alt_sld_fab_alt_sld_fab_ident.sv Line: 33
Info (12021): Found 1 design units, including 1 entities, in source file db/ip/sldf56b9d30/submodules/alt_sld_fab_alt_sld_fab_presplit.sv
    Info (12023): Found entity 1: alt_sld_fab_alt_sld_fab_presplit File: C:/Users/2005B/OneDrive/Desktop/Courses/CPEN 211/Labs/Lab 6 Quartus/db/ip/sldf56b9d30/submodules/alt_sld_fab_alt_sld_fab_presplit.sv Line: 3
Info (12021): Found 2 design units, including 1 entities, in source file db/ip/sldf56b9d30/submodules/alt_sld_fab_alt_sld_fab_sldfabric.vhd
    Info (12022): Found design unit 1: alt_sld_fab_alt_sld_fab_sldfabric-rtl File: C:/Users/2005B/OneDrive/Desktop/Courses/CPEN 211/Labs/Lab 6 Quartus/db/ip/sldf56b9d30/submodules/alt_sld_fab_alt_sld_fab_sldfabric.vhd Line: 102
    Info (12023): Found entity 1: alt_sld_fab_alt_sld_fab_sldfabric File: C:/Users/2005B/OneDrive/Desktop/Courses/CPEN 211/Labs/Lab 6 Quartus/db/ip/sldf56b9d30/submodules/alt_sld_fab_alt_sld_fab_sldfabric.vhd Line: 11
Info (12021): Found 1 design units, including 1 entities, in source file db/ip/sldf56b9d30/submodules/alt_sld_fab_alt_sld_fab_splitter.sv
    Info (12023): Found entity 1: alt_sld_fab_alt_sld_fab_splitter File: C:/Users/2005B/OneDrive/Desktop/Courses/CPEN 211/Labs/Lab 6 Quartus/db/ip/sldf56b9d30/submodules/alt_sld_fab_alt_sld_fab_splitter.sv Line: 3
Warning (13024): Output pins are stuck at VCC or GND
    Warning (13410): Pin "LEDR[8]" is stuck at GND File: C:/Users/2005B/OneDrive/Desktop/Courses/CPEN 211/Labs/Lab 6/RTL/lab6_top.sv Line: 35
    Warning (13410): Pin "HEX4[0]" is stuck at VCC File: C:/Users/2005B/OneDrive/Desktop/Courses/CPEN 211/Labs/Lab 6/RTL/lab6_top.sv Line: 36
    Warning (13410): Pin "HEX4[1]" is stuck at VCC File: C:/Users/2005B/OneDrive/Desktop/Courses/CPEN 211/Labs/Lab 6/RTL/lab6_top.sv Line: 36
    Warning (13410): Pin "HEX4[2]" is stuck at VCC File: C:/Users/2005B/OneDrive/Desktop/Courses/CPEN 211/Labs/Lab 6/RTL/lab6_top.sv Line: 36
    Warning (13410): Pin "HEX4[3]" is stuck at VCC File: C:/Users/2005B/OneDrive/Desktop/Courses/CPEN 211/Labs/Lab 6/RTL/lab6_top.sv Line: 36
    Warning (13410): Pin "HEX4[4]" is stuck at VCC File: C:/Users/2005B/OneDrive/Desktop/Courses/CPEN 211/Labs/Lab 6/RTL/lab6_top.sv Line: 36
    Warning (13410): Pin "HEX4[5]" is stuck at VCC File: C:/Users/2005B/OneDrive/Desktop/Courses/CPEN 211/Labs/Lab 6/RTL/lab6_top.sv Line: 36
    Warning (13410): Pin "HEX4[6]" is stuck at VCC File: C:/Users/2005B/OneDrive/Desktop/Courses/CPEN 211/Labs/Lab 6/RTL/lab6_top.sv Line: 36
    Warning (13410): Pin "HEX5[1]" is stuck at VCC File: C:/Users/2005B/OneDrive/Desktop/Courses/CPEN 211/Labs/Lab 6/RTL/lab6_top.sv Line: 36
    Warning (13410): Pin "HEX5[2]" is stuck at VCC File: C:/Users/2005B/OneDrive/Desktop/Courses/CPEN 211/Labs/Lab 6/RTL/lab6_top.sv Line: 36
    Warning (13410): Pin "HEX5[4]" is stuck at VCC File: C:/Users/2005B/OneDrive/Desktop/Courses/CPEN 211/Labs/Lab 6/RTL/lab6_top.sv Line: 36
    Warning (13410): Pin "HEX5[5]" is stuck at VCC File: C:/Users/2005B/OneDrive/Desktop/Courses/CPEN 211/Labs/Lab 6/RTL/lab6_top.sv Line: 36
Info (286031): Timing-Driven Synthesis is running on partition "Top"
Info (17049): 3 registers lost all their fanouts during netlist optimizations.
Critical Warning (35025): Partially connected in-system debug instance "auto_signaltap_0" to 207 of its 347 required data inputs, trigger inputs, acquisition clocks, and dynamic pins.  There were 0 illegal, 0 inaccessible, and 140 missing sources or connections.
Info (16010): Generating hard_block partition "hard_block:auto_generated_inst"
    Info (16011): Adding 9 node(s), including 0 DDIO, 0 PLL, 0 transceiver and 0 LCELL
Info (21057): Implemented 3154 device resources after synthesis - the final resource count might be different
    Info (21058): Implemented 18 input pins
    Info (21059): Implemented 53 output pins
    Info (21061): Implemented 2925 logic cells
    Info (21064): Implemented 157 RAM segments
Info: Quartus Prime Analysis & Synthesis was successful. 0 errors, 17 warnings
    Info: Peak virtual memory: 4965 megabytes
    Info: Processing ended: Thu Aug 13 02:46:12 2026
    Info: Elapsed time: 00:00:23
    Info: Total CPU time (on all processors): 00:00:39


